world_cup_year,home_team,away_team,home_goals,away_goals,match_outcome,goal_diff,home_host_advantage,home_strength,away_strength,stage,home_recent_form,away_recent_form,home_h2h,away_h2h
1930,Belgium,United States,0,3,A,-3,0,0.5,0.5,1,0.5,0.5,0,0
1930,France,Mexico,4,1,H,3,0,0.5,0.5,1,0.5,0.5,0,0
1930,Brazil,Serbia,1,2,A,-1,0,0.5,0.5,1,0.5,0.5,0,0
1930,Peru,Romania,1,3,A,-2,0,0.5,0.5,1,0.5,0.5,0,0
1930,Argentina,France,1,0,H,1,0,0.5,1.0,1,0.5,0.6666666666666666,0,0
1930,Chile,Mexico,3,0,H,3,0,0.5,0.0,1,0.5,0.3333333333333333,0,0
1930,Bolivia,Serbia,0,4,A,-4,0,0.5,1.0,2,0.5,0.6666666666666666,0,0
1930,Paraguay,United States,0,3,A,-3,0,0.5,1.0,1,0.5,0.6666666666666666,0,0
1930,Uruguay,Peru,1,0,H,1,1,0.5,0.0,1,0.5,0.3333333333333333,0,0
1930,Argentina,Mexico,6,3,H,3,0,1.0,0.0,1,0.6666666666666666,0.16666666666666666,0,0
1930,Chile,France,1,0,H,1,0,1.0,0.5,1,0.6666666666666666,0.5,0,0
1930,Belgium,Paraguay,0,1,A,-1,0,0.0,0.0,1,0.3333333333333333,0.3333333333333333,0,0
1930,Bolivia,Brazil,0,4,A,-4,0,0.0,0.0,2,0.3333333333333333,0.3333333333333333,0,0
1930,Uruguay,Romania,4,0,H,4,1,1.0,1.0,2,0.6666666666666666,0.6666666666666666,0,0
1930,Argentina,Chile,3,1,H,2,0,1.0,1.0,1,0.8333333333333334,0.8333333333333334,0,0
1930,Argentina,United States,6,1,H,5,0,1.0,1.0,2,1.0,0.8333333333333334,0,0
1930,Uruguay,Serbia,6,1,H,5,1,1.0,1.0,2,0.8333333333333334,0.8333333333333334,0,0
1930,Uruguay,Argentina,4,2,H,2,1,1.0,1.0,1,1.0,1.0,0,0
1934,Argentina,Sweden,2,3,A,-1,0,0.8,0.5,1,0.6666666666666666,0.5,0,0
1934,Austria,France,3,2,H,1,0,0.5,0.3333333333333333,1,0.5,0.3333333333333333,0,0
1934,Belgium,Germany,2,5,A,-3,0,0.0,0.5,1,0.16666666666666666,0.5,0,0
1934,Brazil,Spain,1,3,A,-2,0,0.5,0.5,1,0.5,0.5,0,0
1934,Czech Republic,Romania,2,1,H,1,0,0.5,0.5,1,0.5,0.5,0,0
1934,Egypt,Hungary,2,4,A,-2,0,0.5,0.5,1,0.5,0.5,0,0
1934,Italy,United States,7,1,H,6,1,0.5,0.6666666666666666,2,0.5,0.6666666666666666,0,0
1934,Netherlands,Switzerland,2,3,A,-1,0,0.5,0.5,1,0.5,0.5,0,0
1934,Austria,Hungary,2,1,H,1,0,1.0,1.0,1,0.6666666666666666,0.6666666666666666,0,0
1934,Czech Republic,Switzerland,3,2,H,1,0,1.0,1.0,1,0.6666666666666666,0.6666666666666666,0,0
1934,Germany,Sweden,2,1,H,1,0,1.0,1.0,1,0.6666666666666666,0.6666666666666666,0,0
1934,Italy,Spain,1,1,D,0,1,1.0,1.0,1,0.6666666666666666,0.6666666666666666,0,0
1934,Italy,Spain,1,0,H,1,1,0.5,0.5,1,0.6666666666666666,0.6666666666666666,0,0
1934,Czech Republic,Germany,3,1,H,2,0,1.0,1.0,1,0.8333333333333334,0.8333333333333334,0,0
1934,Italy,Austria,1,0,H,1,1,0.6666666666666666,1.0,1,0.8333333333333334,0.8333333333333334,0,0
1934,Austria,Germany,2,3,A,-1,0,0.6666666666666666,0.6666666666666666,1,0.6666666666666666,0.6666666666666666,0,0
1934,Italy,Czech Republic,2,1,H,1,1,0.75,1.0,1,0.8333333333333334,1.0,0,0
1938,Germany,Switzerland,1,1,D,0,0,0.75,0.5,1,0.6666666666666666,0.5,0,0
1938,Brazil,Poland,6,5,H,1,0,0.3333333333333333,0.5,1,0.3333333333333333,0.5,0,0
1938,Cuba,Romania,3,3,D,0,0,0.5,0.3333333333333333,1,0.5,0.3333333333333333,0,0
1938,Czech Republic,Netherlands,3,0,H,3,0,0.75,0.0,1,0.6666666666666666,0.3333333333333333,0,0
1938,France,Belgium,3,1,H,2,1,0.25,0.0,1,0.0,0.0,0,0
1938,Hungary,Indonesia,6,0,H,6,0,0.5,0.5,2,0.5,0.5,0,0
1938,Italy,Norway,2,1,H,1,0,0.8,0.5,1,1.0,0.5,0,0
1938,Cuba,Romania,2,1,H,1,0,0.0,0.25,1,0.5,0.16666666666666666,0,0
1938,Germany,Switzerland,2,4,A,-2,0,0.6,0.3333333333333333,1,0.5,0.5,0,0
1938,Brazil,Czech Republic,1,1,D,0,0,0.5,0.8,1,0.6666666666666666,0.6666666666666666,0,0
1938,Cuba,Sweden,0,8,A,-8,0,0.5,0.5,2,0.6666666666666666,0.5,0,0
1938,France,Italy,1,3,A,-2,1,0.4,0.8333333333333334,1,0.3333333333333333,1.0,0,0
1938,Hungary,Switzerland,2,0,H,2,0,0.6666666666666666,0.5,1,0.6666666666666666,0.5,0,0
1938,Brazil,Czech Republic,2,1,H,1,0,0.4,0.6666666666666666,1,0.5,0.5,0,0
1938,Brazil,Italy,1,2,A,-1,0,0.5,0.8571428571428571,1,0.8333333333333334,1.0,0,0
1938,Hungary,Sweden,5,1,H,4,0,0.75,0.6666666666666666,2,0.6666666666666666,0.6666666666666666,0,0
1938,Brazil,Sweden,4,2,H,2,0,0.4285714285714285,0.5,1,0.5,0.3333333333333333,0,0
1938,Hungary,Italy,2,4,A,-2,0,0.8,0.875,1,1.0,1.0,0,0
1950,Brazil,Mexico,4,0,H,4,1,0.5,0.0,2,0.6666666666666666,0.0,0,0
1950,Chile,England,0,2,A,-2,0,0.6666666666666666,0.5,1,0.6666666666666666,0.5,0,0
1950,Italy,Sweden,2,3,A,-1,0,0.8888888888888888,0.4,1,1.0,0.3333333333333333,0,0
1950,Spain,United States,3,1,H,2,0,0.3333333333333333,0.5,1,0.5,0.3333333333333333,0,0
1950,Switzerland,Serbia,0,3,A,-3,0,0.4,0.6666666666666666,1,0.5,0.6666666666666666,0,0
1950,Brazil,Switzerland,2,2,D,0,1,0.5555555555555556,0.3333333333333333,1,0.6666666666666666,0.3333333333333333,0,0
1950,Mexico,Serbia,1,4,A,-3,0,0.0,0.75,1,0.0,0.6666666666666666,0,0
1950,Chile,Spain,0,2,A,-2,0,0.5,0.5,1,0.3333333333333333,0.5,0,0
1950,England,United States,0,1,A,-1,0,1.0,0.4,1,0.6666666666666666,0.0,0,0
1950,Paraguay,Sweden,2,2,D,0,0,0.5,0.5,1,0.5,0.3333333333333333,0,0
1950,Brazil,Serbia,2,0,H,2,1,0.5,0.8,1,0.8333333333333334,0.6666666666666666,0,1
1950,Bolivia,Uruguay,0,8,A,-8,0,0.0,1.0,2,0.16666666666666666,1.0,0,0
1950,Chile,United States,5,2,H,3,0,0.4,0.5,1,0.0,0.3333333333333333,0,0
1950,England,Spain,0,1,A,-1,0,0.5,0.6,1,0.5,0.6666666666666666,0,0
1950,Italy,Paraguay,2,0,H,2,0,0.8,0.3333333333333333,1,0.6666666666666666,0.5,0,0
1950,Mexico,Switzerland,1,2,A,-1,0,0.0,0.2857142857142857,1,0.0,0.16666666666666666,0,0
1950,Brazil,Sweden,7,1,H,6,1,0.5454545454545454,0.4285714285714285,2,0.8333333333333334,0.5,1,0
1950,Spain,Uruguay,2,2,D,0,0,0.6666666666666666,1.0,1,1.0,1.0,0,0
1950,Brazil,Spain,6,1,H,5,1,0.5833333333333334,0.5714285714285714,2,0.8333333333333334,0.8333333333333334,0,1
1950,Sweden,Uruguay,2,3,A,-1,0,0.375,0.8333333333333334,1,0.5,0.8333333333333334,0,0
1950,Brazil,Uruguay,1,2,A,-1,1,0.6153846153846154,0.8571428571428571,1,1.0,0.8333333333333334,0,0
1950,Spain,Sweden,1,3,A,-2,0,0.5,0.3333333333333333,1,0.5,0.16666666666666666,0,0
1954,Austria,Scotland,1,0,H,1,0,0.5,0.5,1,0.3333333333333333,0.5,0,0
1954,Brazil,Mexico,5,0,H,5,0,0.5714285714285714,0.0,2,0.6666666666666666,0.0,1,0
1954,Czech Republic,Uruguay,0,2,A,-2,0,0.5714285714285714,0.875,1,0.5,0.8333333333333334,0,0
1954,France,Serbia,0,1,A,-1,0,0.3333333333333333,0.6666666666666666,1,0.3333333333333333,0.6666666666666666,0,0
1954,Belgium,England,4,4,D,0,0,0.0,0.3333333333333333,1,0.0,0.3333333333333333,0,0
1954,Germany,Turkey,4,1,H,3,0,0.5,0.5,1,0.5,0.5,0,0
1954,Hungary,South Korea,9,0,H,9,0,0.6666666666666666,0.5,2,0.6666666666666666,0.5,0,0
1954,Switzerland,Italy,2,1,H,1,1,0.375,0.8181818181818182,1,0.5,0.6666666666666666,0,0
1954,Austria,Czech Republic,5,0,H,5,0,0.6,0.5,2,0.3333333333333333,0.16666666666666666,0,0
1954,Brazil,Serbia,1,1,D,0,0,0.6,0.7142857142857143,1,0.6666666666666666,0.6666666666666666,1,1
1954,France,Mexico,3,2,H,1,0,0.2857142857142857,0.0,1,0.3333333333333333,0.0,1,0
1954,Scotland,Uruguay,0,7,A,-7,0,0.0,0.8888888888888888,2,0.3333333333333333,1.0,0,0
1954,Belgium,Italy,1,4,A,-3,0,0.0,0.75,1,0.16666666666666666,0.3333333333333333,0,0
1954,Germany,Hungary,3,8,A,-5,0,0.5714285714285714,0.7142857142857143,2,0.5,0.6666666666666666,0,0
1954,South Korea,Turkey,0,7,A,-7,0,0.0,0.0,2,0.3333333333333333,0.3333333333333333,0,0
1954,Switzerland,England,0,2,A,-2,1,0.4444444444444444,0.25,1,0.8333333333333334,0.16666666666666666,0,0
1954,Germany,Turkey,7,2,H,5,0,0.5,0.5,2,0.3333333333333333,0.5,1,0
1954,Switzerland,Italy,4,1,H,3,1,0.4,0.7692307692307693,1,0.6666666666666666,0.6666666666666666,1,0
1954,England,Uruguay,2,4,A,-2,0,0.4,0.9,1,0.5,1.0,0,0
1954,Switzerland,Austria,5,7,A,-2,1,0.4545454545454545,0.6666666666666666,1,0.6666666666666666,0.6666666666666666,0,0
1954,Brazil,Hungary,2,4,A,-2,0,0.5625,0.75,1,0.5,0.6666666666666666,0,0
1954,Germany,Serbia,2,0,H,2,0,0.5555555555555556,0.625,1,0.6666666666666666,0.5,0,0
1954,Austria,Germany,1,6,A,-5,0,0.7142857142857143,0.6,2,1.0,0.6666666666666666,0,1
1954,Hungary,Uruguay,4,2,H,2,0,0.7777777777777778,0.9090909090909092,1,1.0,1.0,0,0
1954,Austria,Uruguay,3,1,H,2,0,0.625,0.8333333333333334,1,0.6666666666666666,0.6666666666666666,0,0
1954,Germany,Hungary,3,2,H,1,0,0.6363636363636364,0.8,1,1.0,1.0,0,1
1958,Argentina,Germany,1,3,A,-2,0,0.6666666666666666,0.6666666666666666,1,0.3333333333333333,1.0,0,0
1958,Austria,Brazil,0,3,A,-3,0,0.6666666666666666,0.5294117647058824,1,0.6666666666666666,0.5,0,0
1958,Czech Republic,Northern Ireland,0,1,A,-1,0,0.4444444444444444,0.5,1,0.0,0.5,0,0
1958,England,Russia,2,2,D,0,0,0.3333333333333333,0.5,1,0.5,0.5,0,0
1958,France,Paraguay,7,3,H,4,0,0.375,0.25,2,0.3333333333333333,0.5,0,0
1958,Hungary,Wales,1,1,D,0,0,0.7272727272727273,0.5,1,0.6666666666666666,0.5,0,0
1958,Scotland,Serbia,1,1,D,0,0,0.0,0.5555555555555556,1,0.16666666666666666,0.5,0,0
1958,Sweden,Mexico,3,0,H,3,1,0.4,0.0,1,0.3333333333333333,0.0,0,0
1958,Argentina,Northern Ireland,3,1,H,2,0,0.5714285714285714,1.0,1,0.0,0.6666666666666666,0,0
1958,Austria,Russia,0,2,A,-2,0,0.6,0.0,1,0.3333333333333333,0.5,0,0
1958,Brazil,England,0,0,D,0,0,0.5555555555555556,0.2857142857142857,1,0.5,0.5,0,0
1958,Czech Republic,Germany,2,2,D,0,0,0.4,0.6923076923076923,1,0.0,1.0,1,0
1958,France,Serbia,2,3,A,-1,0,0.4444444444444444,0.5,1,0.6666666666666666,0.3333333333333333,0,1
1958,Mexico,Wales,1,1,D,0,0,0.0,0.0,1,0.0,0.5,0,0
1958,Paraguay,Scotland,3,2,H,1,0,0.2,0.0,1,0.16666666666666666,0.16666666666666666,0,0
1958,Sweden,Hungary,2,1,H,1,1,0.4545454545454545,0.6666666666666666,1,0.6666666666666666,0.5,1,0
1958,Argentina,Czech Republic,1,6,A,-5,0,0.625,0.3636363636363636,2,0.3333333333333333,0.16666666666666666,0,0
1958,Austria,England,2,2,D,0,0,0.5454545454545454,0.25,1,0.3333333333333333,0.3333333333333333,0,0
1958,Brazil,Russia,2,0,H,2,0,0.5263157894736842,0.5,1,0.5,0.6666666666666666,0,0
1958,France,Scotland,2,1,H,1,0,0.4,0.0,1,0.6666666666666666,0.16666666666666666,0,0
1958,Germany,Northern Ireland,2,2,D,0,0,0.6428571428571429,0.5,1,0.8333333333333334,0.5,0,0
1958,Hungary,Mexico,4,0,H,4,0,0.6153846153846154,0.0,2,0.16666666666666666,0.16666666666666666,0,0
1958,Paraguay,Serbia,3,3,D,0,0,0.3333333333333333,0.5454545454545454,1,0.3333333333333333,0.5,0,0
1958,Sweden,Wales,0,0,D,0,1,0.5,0.0,1,1.0,0.5,0,0
1958,Czech Republic,Northern Ireland,1,2,A,-1,0,0.4166666666666667,0.3333333333333333,1,0.5,0.5,0,1
1958,England,Russia,0,1,A,-1,0,0.2222222222222222,0.3333333333333333,1,0.5,0.5,0,0
1958,Hungary,Wales,1,2,A,-1,0,0.6428571428571429,0.0,1,0.5,0.5,0,0
1958,Brazil,Wales,1,0,H,1,0,0.55,0.25,1,0.8333333333333334,0.6666666666666666,0,0
1958,France,Northern Ireland,4,0,H,4,0,0.4545454545454545,0.5,2,0.6666666666666666,0.5,0,0
1958,Germany,Serbia,1,0,H,1,0,0.6,0.5,1,0.6666666666666666,0.6666666666666666,1,0
1958,Sweden,Russia,2,0,H,2,1,0.4615384615384615,0.5,1,0.8333333333333334,0.6666666666666666,0,0
1958,Brazil,France,5,2,H,3,0,0.5714285714285714,0.5,1,0.8333333333333334,0.6666666666666666,0,0
1958,Sweden,Germany,3,1,H,2,1,0.5,0.625,1,0.8333333333333334,0.6666666666666666,1,0
1958,France,Germany,6,3,H,3,0,0.4615384615384615,0.5882352941176471,1,0.6666666666666666,0.5,0,0
1958,Sweden,Brazil,2,5,A,-3,1,0.5333333333333333,0.5909090909090909,1,0.8333333333333334,1.0,2,0
1962,Argentina,Bulgaria,1,0,H,1,0,0.5555555555555556,0.5,1,0.3333333333333333,0.5,0,0
1962,Brazil,Mexico,2,0,H,2,0,0.6086956521739131,0.0,1,1.0,0.16666666666666666,2,0
1962,Chile,Switzerland,3,1,H,2,1,0.5,0.4166666666666667,1,0.3333333333333333,0.3333333333333333,0,0
1962,Colombia,Uruguay,1,2,A,-1,0,0.5,0.7692307692307693,1,0.5,0.3333333333333333,0,0
1962,Czech Republic,Spain,1,0,H,1,0,0.3846153846153846,0.4444444444444444,1,0.5,0.16666666666666666,0,0
1962,England,Hungary,1,2,A,-1,0,0.2,0.6,1,0.3333333333333333,0.3333333333333333,0,0
1962,Germany,Italy,0,0,D,0,0,0.5555555555555556,0.7142857142857143,1,0.3333333333333333,0.3333333333333333,0,0
1962,Russia,Serbia,2,0,H,2,0,0.4,0.4615384615384615,1,0.3333333333333333,0.5,0,0
1962,Argentina,England,1,3,A,-2,0,0.6,0.1818181818181818,1,0.6666666666666666,0.16666666666666666,0,0
1962,Brazil,Czech Republic,0,0,D,0,0,0.625,0.4285714285714285,1,1.0,0.6666666666666666,1,0
1962,Chile,Italy,2,0,H,2,1,0.5714285714285714,0.6666666666666666,1,0.6666666666666666,0.5,0,0
1962,Uruguay,Serbia,1,3,A,-2,0,0.7857142857142857,0.4285714285714285,1,0.3333333333333333,0.16666666666666666,1,0
1962,Bulgaria,Hungary,1,6,A,-5,0,0.0,0.625,2,0.3333333333333333,0.6666666666666666,0,0
1962,Colombia,Russia,4,4,D,0,0,0.0,0.5,1,0.3333333333333333,0.6666666666666666,0,0
1962,Germany,Switzerland,2,1,H,1,0,0.5263157894736842,0.3846153846153846,1,0.16666666666666666,0.3333333333333333,0,1
1962,Mexico,Spain,0,1,A,-1,0,0.0,0.4,1,0.16666666666666666,0.0,0,0
1962,Argentina,Hungary,0,0,D,0,0,0.5454545454545454,0.6470588235294118,1,0.3333333333333333,0.6666666666666666,0,0
1962,Brazil,Spain,2,1,H,1,0,0.6,0.4545454545454545,1,0.8333333333333334,0.3333333333333333,1,1
1962,Chile,Germany,0,2,A,-2,1,0.625,0.55,1,1.0,0.5,0,0
1962,Russia,Uruguay,2,1,H,1,0,0.4285714285714285,0.7333333333333333,1,0.5,0.3333333333333333,0,0
1962,Bulgaria,England,0,0,D,0,0,0.0,0.25,1,0.16666666666666666,0.3333333333333333,0,0
1962,Colombia,Serbia,0,5,A,-5,0,0.0,0.4666666666666667,2,0.3333333333333333,0.3333333333333333,0,0
1962,Czech Republic,Mexico,1,3,A,-2,0,0.4,0.0,1,0.5,0.0,0,0
1962,Italy,Switzerland,3,0,H,3,0,0.625,0.3571428571428571,1,0.16666666666666666,0.0,2,0
1962,Brazil,England,3,1,H,2,0,0.6153846153846154,0.2307692307692307,1,0.8333333333333334,0.5,0,0
1962,Chile,Russia,2,1,H,1,1,0.5555555555555556,0.5,1,0.6666666666666666,0.8333333333333334,0,0
1962,Czech Republic,Hungary,1,0,H,1,0,0.375,0.6111111111111112,1,0.5,0.8333333333333334,0,0
1962,Germany,Serbia,0,1,A,-1,0,0.5714285714285714,0.5,1,0.8333333333333334,0.6666666666666666,2,0
1962,Chile,Brazil,2,4,A,-2,1,0.6,0.6296296296296297,1,0.6666666666666666,0.8333333333333334,0,0
1962,Czech Republic,Serbia,3,1,H,2,0,0.4117647058823529,0.5294117647058824,1,0.5,1.0,0,0
1962,Chile,Serbia,1,0,H,1,1,0.5454545454545454,0.5,1,0.3333333333333333,0.6666666666666666,0,0
1962,Brazil,Czech Republic,3,1,H,2,0,0.6428571428571429,0.4444444444444444,1,1.0,0.6666666666666666,1,0
1966,England,Uruguay,0,0,D,0,1,0.2142857142857142,0.6875,1,0.5,0.3333333333333333,0,1
1966,Brazil,Bulgaria,2,0,H,2,0,0.6551724137931034,0.0,1,1.0,0.16666666666666666,0,0
1966,Germany,Switzerland,5,0,H,5,0,0.5454545454545454,0.3333333333333333,2,0.6666666666666666,0.0,1,1
1966,North Korea,Russia,0,3,A,-3,0,0.5,0.4444444444444444,1,0.5,0.5,0,0
1966,Argentina,Spain,2,1,H,1,0,0.5,0.4166666666666667,1,0.5,0.3333333333333333,0,0
1966,Chile,Italy,0,2,A,-2,0,0.5833333333333334,0.6470588235294118,1,0.6666666666666666,0.5,1,0
1966,France,Mexico,1,1,D,0,0,0.5,0.0714285714285714,1,0.6666666666666666,0.3333333333333333,2,0
1966,Hungary,Portugal,1,3,A,-2,0,0.5789473684210527,0.5,1,0.5,0.5,0,0
1966,Brazil,Hungary,1,3,A,-2,0,0.6666666666666666,0.55,1,1.0,0.16666666666666666,0,1
1966,Chile,North Korea,1,1,D,0,0,0.5384615384615384,0.0,1,0.3333333333333333,0.3333333333333333,0,0
1966,France,Uruguay,1,2,A,-1,0,0.4666666666666667,0.6470588235294118,1,0.5,0.16666666666666666,0,0
1966,Spain,Switzerland,2,1,H,1,0,0.3846153846153846,0.3125,1,0.3333333333333333,0.0,0,0
1966,Argentina,Germany,0,0,D,0,0,0.5384615384615384,0.5652173913043478,1,0.5,0.6666666666666666,0,1
1966,Bulgaria,Portugal,0,3,A,-3,0,0.0,1.0,1,0.16666666666666666,0.6666666666666666,0,0
1966,England,Mexico,2,0,H,2,1,0.2,0.0666666666666666,1,0.3333333333333333,0.5,0,0
1966,Italy,Russia,0,1,A,-1,0,0.6666666666666666,0.5,1,0.6666666666666666,0.6666666666666666,0,0
1966,Argentina,Switzerland,2,0,H,2,0,0.5,0.2941176470588235,1,0.6666666666666666,0.0,0,0
1966,Brazil,Portugal,1,3,A,-2,0,0.6451612903225806,1.0,1,0.6666666666666666,0.8333333333333334,0,0
1966,Italy,North Korea,0,1,A,-1,0,0.631578947368421,0.0,1,0.6666666666666666,0.3333333333333333,0,0
1966,Mexico,Uruguay,0,0,D,0,0,0.0625,0.6666666666666666,1,0.5,0.5,0,0
1966,Bulgaria,Hungary,1,3,A,-2,0,0.0,0.5714285714285714,1,0.16666666666666666,0.3333333333333333,0,1
1966,Chile,Russia,1,2,A,-1,0,0.5,0.5454545454545454,1,0.5,0.6666666666666666,1,0
1966,England,France,2,0,H,2,1,0.25,0.4375,1,0.5,0.5,0,0
1966,Germany,Spain,2,1,H,1,0,0.5416666666666666,0.4285714285714285,1,0.5,0.3333333333333333,0,0
1966,England,Argentina,1,0,H,1,1,0.2941176470588235,0.5333333333333333,1,0.8333333333333334,0.8333333333333334,0,1
1966,Germany,Uruguay,4,0,H,4,0,0.56,0.631578947368421,2,0.8333333333333334,0.6666666666666666,0,0
1966,Hungary,Russia,1,2,A,-1,0,0.5909090909090909,0.5833333333333334,1,0.6666666666666666,1.0,0,0
1966,North Korea,Portugal,3,5,A,-2,0,0.3333333333333333,1.0,1,0.5,1.0,0,0
1966,Germany,Russia,2,1,H,1,0,0.5769230769230769,0.6153846153846154,1,0.8333333333333334,1.0,0,0
1966,England,Portugal,2,1,H,1,1,0.3333333333333333,1.0,1,1.0,1.0,0,0
1966,Portugal,Russia,2,1,H,1,0,0.8,0.5714285714285714,1,0.6666666666666666,0.6666666666666666,0,0
1966,England,Germany,4,2,H,2,1,0.3684210526315789,0.5925925925925926,1,1.0,1.0,0,0
1970,Mexico,Russia,0,0,D,0,1,0.0588235294117647,0.5333333333333333,1,0.3333333333333333,0.3333333333333333,0,0
1970,Bulgaria,Peru,2,3,A,-1,0,0.0,0.0,1,0.0,0.16666666666666666,0,0
1970,England,Romania,1,0,H,1,0,0.4,0.2,1,1.0,0.16666666666666666,0,0
1970,Israel,Uruguay,0,2,A,-2,0,0.5,0.6,1,0.5,0.5,0,0
1970,Belgium,El Salvador,3,0,H,3,0,0.0,0.5,1,0.16666666666666666,0.5,0,0
1970,Brazil,Czech Republic,4,1,H,3,0,0.625,0.4210526315789473,1,0.3333333333333333,0.6666666666666666,2,0
1970,Germany,Morocco,2,1,H,1,0,0.5714285714285714,0.5,1,0.6666666666666666,0.5,0,0
1970,Italy,Sweden,1,0,H,1,0,0.6,0.5,1,0.3333333333333333,0.6666666666666666,0,1
1970,Belgium,Russia,1,4,A,-3,0,0.1428571428571428,0.5,1,0.5,0.16666666666666666,0,0
1970,Czech Republic,Romania,1,2,A,-1,0,0.4,0.1666666666666666,1,0.3333333333333333,0.16666666666666666,1,0
1970,Italy,Uruguay,0,0,D,0,0,0.6190476190476191,0.6190476190476191,1,0.3333333333333333,0.5,0,0
1970,Morocco,Peru,0,3,A,-3,0,0.0,0.3333333333333333,1,0.3333333333333333,0.3333333333333333,0,0
1970,Brazil,England,1,0,H,1,0,0.6363636363636364,0.4285714285714285,1,0.3333333333333333,1.0,1,0
1970,Bulgaria,Germany,2,5,A,-3,0,0.0,0.5862068965517241,1,0.0,0.6666666666666666,0,0
1970,Israel,Sweden,1,1,D,0,0,0.0,0.4705882352941176,1,0.3333333333333333,0.3333333333333333,0,0
1970,Mexico,El Salvador,4,0,H,4,1,0.0555555555555555,0.0,2,0.3333333333333333,0.3333333333333333,0,0
1970,Brazil,Romania,3,2,H,1,0,0.6470588235294118,0.2857142857142857,1,0.6666666666666666,0.3333333333333333,0,0
1970,El Salvador,Russia,0,2,A,-2,0,0.0,0.5294117647058824,1,0.16666666666666666,0.5,0,0
1970,Germany,Peru,3,1,H,2,0,0.6,0.5,1,0.6666666666666666,0.6666666666666666,0,0
1970,Sweden,Uruguay,1,0,H,1,0,0.4444444444444444,0.5909090909090909,1,0.16666666666666666,0.5,0,1
1970,Bulgaria,Morocco,1,1,D,0,0,0.0,0.0,1,0.0,0.16666666666666666,0,0
1970,Czech Republic,England,0,1,A,-1,0,0.3809523809523809,0.4090909090909091,1,0.0,0.6666666666666666,0,0
1970,Israel,Italy,0,0,D,0,0,0.0,0.5909090909090909,1,0.3333333333333333,0.5,0,0
1970,Mexico,Belgium,1,0,H,1,1,0.1052631578947368,0.125,1,0.6666666666666666,0.3333333333333333,0,0
1970,Brazil,Peru,4,2,H,2,0,0.6571428571428571,0.4,1,1.0,0.6666666666666666,0,0
1970,England,Germany,2,3,A,-1,0,0.4347826086956521,0.6129032258064516,1,0.6666666666666666,1.0,1,0
1970,Mexico,Italy,1,4,A,-3,1,0.15,0.5652173913043478,1,0.8333333333333334,0.6666666666666666,0,0
1970,Russia,Uruguay,0,1,A,-1,0,0.5555555555555556,0.5652173913043478,1,0.8333333333333334,0.5,1,0
1970,Brazil,Uruguay,3,1,H,2,0,0.6666666666666666,0.5833333333333334,1,1.0,0.5,0,1
1970,Germany,Italy,3,4,A,-1,0,0.625,0.5833333333333334,1,1.0,0.6666666666666666,0,0
1970,Germany,Uruguay,1,0,H,1,0,0.6060606060606061,0.56,1,0.6666666666666666,0.3333333333333333,1,0
1970,Brazil,Italy,4,1,H,3,0,0.6756756756756757,0.6,1,1.0,0.8333333333333334,0,1
1974,Brazil,Serbia,0,0,D,0,0,0.6842105263157895,0.4736842105263157,1,1.0,0.3333333333333333,1,1
1974,DR Congo,Scotland,0,2,A,-2,0,0.5,0.0,1,0.5,0.16666666666666666,0,0
1974,German DR,Australia,2,0,H,2,0,0.5,0.5,1,0.5,0.5,0,0
1974,Germany,Chile,1,0,H,1,0,0.6176470588235294,0.4666666666666667,1,0.6666666666666666,0.16666666666666666,0,1
1974,Italy,Haiti,3,1,H,2,0,0.5769230769230769,0.5,1,0.6666666666666666,0.5,0,0
1974,Poland,Argentina,3,2,H,1,0,0.0,0.5,1,0.3333333333333333,0.5,0,0
1974,Sweden,Bulgaria,0,0,D,0,0,0.4736842105263157,0.0,1,0.5,0.16666666666666666,0,0
1974,Uruguay,Netherlands,0,2,A,-2,0,0.5384615384615384,0.0,1,0.3333333333333333,0.16666666666666666,0,0
1974,Chile,German DR,1,1,D,0,0,0.4375,1.0,1,0.16666666666666666,0.6666666666666666,0,0
1974,Germany,Australia,3,0,H,3,0,0.6285714285714286,0.0,1,0.6666666666666666,0.3333333333333333,0,0
1974,Scotland,Brazil,0,0,D,0,0,0.1666666666666666,0.6666666666666666,1,0.3333333333333333,0.8333333333333334,0,0
1974,Serbia,DR Congo,9,0,H,9,0,0.45,0.0,2,0.16666666666666666,0.3333333333333333,0,0
1974,Argentina,Italy,1,1,D,0,0,0.4705882352941176,0.5925925925925926,1,0.3333333333333333,0.6666666666666666,0,0
1974,Bulgaria,Uruguay,1,1,D,0,0,0.0,0.5185185185185185,1,0.3333333333333333,0.0,0,0
1974,Haiti,Poland,0,7,A,-7,0,0.0,0.5,2,0.3333333333333333,0.5,0,0
1974,Netherlands,Sweden,0,0,D,0,0,0.3333333333333333,0.45,1,0.3333333333333333,0.6666666666666666,0,0
1974,Australia,Chile,0,0,D,0,0,0.0,0.4117647058823529,1,0.16666666666666666,0.16666666666666666,0,0
1974,DR Congo,Brazil,0,3,A,-3,0,0.0,0.65,1,0.16666666666666666,0.6666666666666666,0,0
1974,Germany,German DR,0,1,A,-1,0,0.6388888888888888,0.5,1,1.0,0.6666666666666666,0,0
1974,Scotland,Serbia,1,1,D,0,0,0.1428571428571428,0.4761904761904761,1,0.5,0.5,0,0
1974,Argentina,Haiti,4,1,H,3,0,0.4444444444444444,0.0,1,0.16666666666666666,0.16666666666666666,0,0
1974,Bulgaria,Netherlands,1,4,A,-3,0,0.0,0.25,1,0.5,0.5,0,0
1974,Poland,Italy,2,1,H,1,0,0.6666666666666666,0.5714285714285714,1,0.6666666666666666,0.5,0,0
1974,Sweden,Uruguay,3,0,H,3,0,0.4285714285714285,0.5,1,0.6666666666666666,0.16666666666666666,1,1
1974,Brazil,German DR,1,0,H,1,0,0.6585365853658537,0.6666666666666666,1,0.6666666666666666,0.8333333333333334,0,0
1974,Germany,Serbia,2,0,H,2,0,0.6216216216216216,0.4545454545454545,1,0.6666666666666666,0.6666666666666666,2,1
1974,Netherlands,Argentina,4,0,H,4,0,0.4,0.4736842105263157,2,0.8333333333333334,0.5,0,0
1974,Sweden,Poland,0,1,A,-1,0,0.4545454545454545,0.75,1,0.6666666666666666,1.0,0,0
1974,Argentina,Brazil,1,2,A,-1,0,0.45,0.6666666666666666,1,0.5,0.8333333333333334,0,0
1974,German DR,Netherlands,0,2,A,-2,0,0.5,0.5,1,0.5,0.8333333333333334,0,0
1974,Germany,Sweden,4,2,H,2,0,0.631578947368421,0.4347826086956521,1,0.6666666666666666,0.5,2,0
1974,Poland,Serbia,2,1,H,1,0,0.8,0.4347826086956521,1,1.0,0.5,0,0
1974,Argentina,German DR,1,1,D,0,0,0.4285714285714285,0.4,1,0.3333333333333333,0.3333333333333333,0,0
1974,Germany,Poland,1,0,H,1,0,0.6410256410256411,0.8333333333333334,1,0.6666666666666666,1.0,0,0
1974,Netherlands,Brazil,2,0,H,2,0,0.5714285714285714,0.6744186046511628,1,1.0,1.0,0,0
1974,Sweden,Serbia,2,1,H,1,0,0.4166666666666667,0.4166666666666667,1,0.3333333333333333,0.16666666666666666,0,0
1974,Brazil,Poland,0,1,A,-1,0,0.6590909090909091,0.7142857142857143,1,0.6666666666666666,0.6666666666666666,1,0
1974,Germany,Netherlands,2,1,H,1,0,0.65,0.625,1,1.0,1.0,0,0
1978,Germany,Poland,0,0,D,0,0,0.6585365853658537,0.75,1,1.0,0.6666666666666666,1,0
1978,Argentina,Hungary,2,1,H,1,1,0.4090909090909091,0.5652173913043478,1,0.16666666666666666,0.6666666666666666,0,0
1978,France,Italy,1,2,A,-1,0,0.4117647058823529,0.5517241379310345,1,0.16666666666666666,0.5,0,1
1978,Mexico,Tunisia,1,3,A,-2,0,0.1428571428571428,0.5,1,0.6666666666666666,0.5,0,0
1978,Austria,Spain,2,1,H,1,0,0.5,0.4,1,0.16666666666666666,0.3333333333333333,0,0
1978,Brazil,Sweden,1,1,D,0,0,0.6444444444444445,0.44,1,0.3333333333333333,0.3333333333333333,2,1
1978,Iran,Netherlands,0,3,A,-3,0,0.5,0.5555555555555556,1,0.5,0.6666666666666666,0,0
1978,Peru,Scotland,3,1,H,2,0,0.3333333333333333,0.125,1,0.3333333333333333,0.6666666666666666,0,0
1978,Argentina,France,2,1,H,1,1,0.4347826086956521,0.3888888888888889,1,0.5,0.0,1,0
1978,Germany,Mexico,6,0,H,6,0,0.6428571428571429,0.1363636363636363,2,0.8333333333333334,0.3333333333333333,0,0
1978,Hungary,Italy,1,3,A,-2,0,0.5416666666666666,0.5666666666666667,1,0.3333333333333333,0.5,0,1
1978,Poland,Tunisia,1,0,H,1,0,0.6666666666666666,1.0,1,0.5,0.6666666666666666,0,0
1978,Austria,Sweden,1,0,H,1,0,0.5384615384615384,0.4230769230769231,1,0.5,0.5,0,0
1978,Brazil,Spain,0,0,D,0,0,0.6304347826086957,0.375,1,0.16666666666666666,0.3333333333333333,2,1
1978,Iran,Scotland,1,1,D,0,0,0.0,0.1111111111111111,1,0.3333333333333333,0.3333333333333333,0,0
1978,Netherlands,Peru,0,0,D,0,0,0.6,0.4285714285714285,1,0.6666666666666666,0.3333333333333333,0,0
1978,Argentina,Italy,0,1,A,-1,1,0.4583333333333333,0.5806451612903226,1,0.8333333333333334,0.6666666666666666,0,0
1978,France,Hungary,3,1,H,2,0,0.3684210526315789,0.52,1,0.0,0.0,0,0
1978,Germany,Tunisia,0,0,D,0,0,0.6511627906976745,0.5,1,0.8333333333333334,0.5,0,0
1978,Mexico,Poland,1,3,A,-2,0,0.1304347826086956,0.7,1,0.0,0.8333333333333334,0,0
1978,Austria,Brazil,0,1,A,-1,0,0.5714285714285714,0.6170212765957447,1,0.8333333333333334,0.3333333333333333,0,1
1978,Iran,Peru,1,4,A,-3,0,0.0,0.375,1,0.3333333333333333,0.5,0,0
1978,Netherlands,Scotland,2,3,A,-1,0,0.5454545454545454,0.1,1,0.5,0.3333333333333333,0,0
1978,Spain,Sweden,1,0,H,1,0,0.3529411764705882,0.4074074074074074,1,0.16666666666666666,0.5,0,1
1978,Argentina,Poland,2,0,H,2,1,0.44,0.7272727272727273,1,0.6666666666666666,0.8333333333333334,1,0
1978,Austria,Netherlands,1,5,A,-4,0,0.5333333333333333,0.5,2,0.6666666666666666,0.5,0,0
1978,Brazil,Peru,3,0,H,3,0,0.625,0.4444444444444444,1,0.6666666666666666,0.8333333333333334,1,0
1978,Germany,Italy,0,0,D,0,0,0.6363636363636364,0.59375,1,0.6666666666666666,1.0,0,1
1978,Argentina,Brazil,0,0,D,0,1,0.4615384615384615,0.6326530612244898,1,0.6666666666666666,0.8333333333333334,0,1
1978,Austria,Italy,0,1,A,-1,0,0.5,0.5757575757575758,1,0.3333333333333333,0.8333333333333334,1,0
1978,Germany,Netherlands,2,2,D,0,0,0.6222222222222222,0.5384615384615384,1,0.6666666666666666,0.5,1,0
1978,Peru,Poland,0,1,A,-1,0,0.4,0.6666666666666666,1,0.5,0.6666666666666666,0,0
1978,Argentina,Peru,6,0,H,6,1,0.4444444444444444,0.3636363636363636,2,0.5,0.3333333333333333,0,0
1978,Austria,Germany,3,2,H,1,0,0.4705882352941176,0.6086956521739131,1,0.0,0.5,0,2
1978,Brazil,Poland,3,1,H,2,0,0.62,0.6923076923076923,1,0.8333333333333334,0.6666666666666666,1,1
1978,Italy,Netherlands,1,2,A,-1,0,0.5882352941176471,0.5,1,0.8333333333333334,0.5,0,0
1978,Brazil,Italy,2,1,H,1,0,0.6274509803921569,0.5714285714285714,1,0.8333333333333334,0.5,1,1
1978,Argentina,Netherlands,3,1,H,2,1,0.4642857142857143,0.5333333333333333,1,0.8333333333333334,0.8333333333333334,1,0
1982,Argentina,Belgium,0,1,A,-1,0,0.4827586206896552,0.1111111111111111,1,0.8333333333333334,0.3333333333333333,0,0
1982,Brazil,Russia,2,1,H,1,0,0.6346153846153846,0.5263157894736842,1,0.8333333333333334,0.6666666666666666,1,0
1982,Italy,Poland,0,0,D,0,0,0.5555555555555556,0.6428571428571429,1,0.3333333333333333,0.3333333333333333,1,0
1982,Hungary,El Salvador,10,1,H,9,0,0.5,0.0,2,0.0,0.0,0,0
1982,Peru,Cameroon,0,0,D,0,0,0.3333333333333333,0.5,1,0.0,0.5,0,0
1982,Scotland,New Zealand,5,2,H,3,0,0.1818181818181818,0.5,1,0.5,0.5,0,0
1982,England,France,3,1,H,2,0,0.4166666666666667,0.4,1,0.3333333333333333,0.3333333333333333,1,0
1982,Germany,Algeria,1,2,A,-1,0,0.5957446808510638,0.5,1,0.3333333333333333,0.5,0,0
1982,Spain,Honduras,1,1,D,0,1,0.3888888888888889,0.5,1,0.5,0.5,0,0
1982,Chile,Austria,0,1,A,-1,0,0.3888888888888889,0.5,1,0.3333333333333333,0.3333333333333333,0,0
1982,Czech Republic,Kuwait,1,1,D,0,0,0.3636363636363636,0.5,1,0.0,0.5,0,0
1982,Serbia,Northern Ireland,0,0,D,0,0,0.4,0.4,1,0.0,0.5,0,0
1982,Argentina,Hungary,4,1,H,3,0,0.4666666666666667,0.5185185185185185,1,0.6666666666666666,0.3333333333333333,1,0
1982,Brazil,Scotland,4,1,H,3,0,0.6415094339622641,0.25,1,1.0,0.8333333333333334,0,0
1982,Italy,Peru,1,1,D,0,0,0.5405405405405406,0.3076923076923077,1,0.16666666666666666,0.16666666666666666,0,0
1982,Belgium,El Salvador,1,0,H,1,0,0.2,0.0,1,0.3333333333333333,0.0,1,0
1982,Poland,Cameroon,0,0,D,0,0,0.6,0.0,1,0.5,0.5,0,0
1982,Russia,New Zealand,3,0,H,3,0,0.5,0.0,1,0.3333333333333333,0.3333333333333333,0,0
1982,England,Czech Republic,2,0,H,2,0,0.44,0.3478260869565217,1,0.6666666666666666,0.16666666666666666,0,1
1982,Germany,Chile,4,1,H,3,0,0.5833333333333334,0.3684210526315789,1,0.16666666666666666,0.3333333333333333,1,1
1982,Spain,Serbia,2,1,H,1,1,0.3684210526315789,0.3846153846153846,1,0.6666666666666666,0.16666666666666666,0,0
1982,Algeria,Austria,0,2,A,-2,0,1.0,0.5263157894736842,1,0.6666666666666666,0.6666666666666666,0,0
1982,France,Kuwait,4,1,H,3,0,0.3809523809523809,0.0,1,0.3333333333333333,0.5,0,0
1982,Honduras,Northern Ireland,1,1,D,0,0,0.0,0.3333333333333333,1,0.5,0.5,0,0
1982,Belgium,Hungary,1,1,D,0,0,0.2727272727272727,0.5,1,0.6666666666666666,0.3333333333333333,0,0
1982,Poland,Peru,5,1,H,4,0,0.5625,0.2857142857142857,2,0.3333333333333333,0.3333333333333333,0,1
1982,Russia,Scotland,2,2,D,0,0,0.5238095238095238,0.2307692307692307,1,0.3333333333333333,0.6666666666666666,0,0
1982,Argentina,El Salvador,2,0,H,2,0,0.4838709677419355,0.0,1,0.6666666666666666,0.0,0,0
1982,Brazil,New Zealand,4,0,H,4,0,0.6481481481481481,0.0,2,1.0,0.16666666666666666,0,0
1982,Italy,Cameroon,1,1,D,0,0,0.5263157894736842,0.0,1,0.3333333333333333,0.5,0,0
1982,Algeria,Chile,3,2,H,1,0,0.5,0.35,1,0.5,0.16666666666666666,0,0
1982,France,Czech Republic,1,1,D,0,0,0.4090909090909091,0.3333333333333333,1,0.6666666666666666,0.16666666666666666,0,0
1982,Honduras,Serbia,0,1,A,-1,0,0.0,0.3703703703703703,1,0.5,0.16666666666666666,0,0
1982,England,Kuwait,1,0,H,1,0,0.4615384615384615,0.0,1,0.6666666666666666,0.3333333333333333,0,0
1982,Germany,Austria,1,0,H,1,0,0.5918367346938775,0.55,1,0.3333333333333333,1.0,1,2
1982,Spain,Northern Ireland,0,1,A,-1,1,0.4,0.2857142857142857,1,0.8333333333333334,0.3333333333333333,0,0
1982,Austria,France,0,1,A,-1,0,0.5238095238095238,0.391304347826087,1,0.6666666666666666,0.5,1,0
1982,Poland,Belgium,3,0,H,3,0,0.5882352941176471,0.25,1,0.6666666666666666,0.8333333333333334,0,0
1982,Germany,England,0,0,D,0,0,0.6,0.4814814814814814,1,0.6666666666666666,1.0,1,1
1982,Italy,Argentina,2,1,H,1,0,0.5128205128205128,0.5,1,0.5,0.6666666666666666,0,1
1982,Austria,Northern Ireland,2,2,D,0,0,0.5,0.375,1,0.3333333333333333,0.6666666666666666,0,0
1982,Belgium,Russia,0,1,A,-1,0,0.2307692307692307,0.5,1,0.5,0.5,0,1
1982,Argentina,Brazil,1,3,A,-2,0,0.4848484848484848,0.6545454545454545,1,0.6666666666666666,1.0,0,1
1982,Spain,Germany,1,2,A,-1,1,0.3809523809523809,0.5882352941176471,1,0.5,0.8333333333333334,1,0
1982,France,Northern Ireland,4,1,H,3,0,0.4166666666666667,0.3333333333333333,1,0.8333333333333334,0.6666666666666666,1,0
1982,Poland,Russia,0,0,D,0,0,0.6111111111111112,0.5217391304347826,1,0.8333333333333334,0.8333333333333334,0,0
1982,Italy,Brazil,3,2,H,1,0,0.525,0.6607142857142857,1,0.6666666666666666,1.0,2,1
1982,Spain,England,0,0,D,0,1,0.3636363636363636,0.4642857142857143,1,0.3333333333333333,0.8333333333333334,0,1
1982,Germany,France,3,3,D,0,0,0.5961538461538461,0.44,1,0.8333333333333334,0.8333333333333334,1,0
1982,Poland,Italy,0,2,A,-2,0,0.5789473684210527,0.5365853658536586,1,0.8333333333333334,0.8333333333333334,1,0
1982,Poland,France,3,2,H,1,0,0.55,0.4230769230769231,1,0.5,0.8333333333333334,0,0
1982,Italy,Germany,3,1,H,2,0,0.5476190476190477,0.5849056603773585,1,1.0,0.6666666666666666,0,1
1986,Bulgaria,Italy,1,1,D,0,0,0.0,0.5581395348837209,1,0.3333333333333333,1.0,0,0
1986,Canada,France,0,1,A,-1,0,0.5,0.4074074074074074,1,0.5,0.5,0,0
1986,Spain,Brazil,0,1,A,-1,0,0.3478260869565217,0.6491228070175439,1,0.16666666666666666,0.6666666666666666,2,1
1986,Argentina,South Korea,3,1,H,2,0,0.4705882352941176,0.0,1,0.3333333333333333,0.16666666666666666,0,0
1986,Morocco,Poland,0,0,D,0,0,0.0,0.5714285714285714,1,0.16666666666666666,0.5,0,0
1986,Russia,Hungary,6,0,H,6,0,0.5,0.4827586206896552,2,0.6666666666666666,0.5,0,1
1986,Algeria,Northern Ireland,1,1,D,0,0,0.6666666666666666,0.3,1,0.6666666666666666,0.5,0,0
1986,Mexico,Belgium,2,1,H,1,1,0.125,0.2142857142857142,1,0.0,0.16666666666666666,1,0
1986,Portugal,England,1,0,H,1,0,0.8333333333333334,0.4482758620689655,1,0.6666666666666666,0.6666666666666666,1,0
1986,Paraguay,Iraq,1,0,H,1,0,0.2857142857142857,0.5,1,0.5,0.5,0,0
1986,Scotland,Denmark,0,1,A,-1,0,0.2142857142857142,0.5,1,0.5,0.5,0,0
1986,Uruguay,Germany,1,1,D,0,0,0.4827586206896552,0.5740740740740741,1,0.16666666666666666,0.5,2,0
1986,France,Russia,1,1,D,0,0,0.4285714285714285,0.52,1,0.5,0.8333333333333334,0,0
1986,Italy,Argentina,1,1,D,0,0,0.5454545454545454,0.4857142857142857,1,0.8333333333333334,0.3333333333333333,1,1
1986,South Korea,Bulgaria,1,1,D,0,0,0.0,0.0,1,0.0,0.3333333333333333,0,0
1986,Brazil,Algeria,1,0,H,1,0,0.6551724137931034,0.5,1,0.6666666666666666,0.5,0,0
1986,England,Morocco,0,0,D,0,0,0.4333333333333333,0.0,1,0.3333333333333333,0.3333333333333333,0,0
1986,Hungary,Canada,2,0,H,2,0,0.4666666666666667,0.0,1,0.16666666666666666,0.3333333333333333,0,0
1986,Mexico,Paraguay,1,1,D,0,1,0.16,0.375,1,0.3333333333333333,0.8333333333333334,0,0
1986,Northern Ireland,Spain,1,2,A,-1,0,0.2727272727272727,0.3333333333333333,1,0.3333333333333333,0.16666666666666666,0,1
1986,Poland,Portugal,1,0,H,1,0,0.5454545454545454,0.8571428571428571,1,0.5,0.6666666666666666,0,0
1986,Denmark,Uruguay,6,1,H,5,0,1.0,0.4666666666666667,2,0.6666666666666666,0.3333333333333333,0,0
1986,Germany,Scotland,2,1,H,1,0,0.5636363636363636,0.2,1,0.3333333333333333,0.16666666666666666,0,0
1986,Iraq,Belgium,1,2,A,-1,0,0.0,0.2,1,0.3333333333333333,0.0,0,0
1986,Hungary,France,0,3,A,-3,0,0.4838709677419355,0.4137931034482758,1,0.5,0.5,1,0
1986,Russia,Canada,2,0,H,2,0,0.5,0.0,1,0.6666666666666666,0.16666666666666666,0,0
1986,Argentina,Bulgaria,2,0,H,2,0,0.4722222222222222,0.0,1,0.5,0.3333333333333333,1,0
1986,South Korea,Italy,2,3,A,-1,0,0.0,0.5333333333333333,1,0.16666666666666666,0.6666666666666666,0,0
1986,England,Poland,3,0,H,3,0,0.4193548387096774,0.5652173913043478,1,0.3333333333333333,0.8333333333333334,0,0
1986,Mexico,Iraq,1,0,H,1,1,0.1538461538461538,0.0,1,0.5,0.16666666666666666,0,0
1986,Paraguay,Belgium,2,2,D,0,0,0.3333333333333333,0.25,1,0.6666666666666666,0.3333333333333333,0,1
1986,Portugal,Morocco,1,3,A,-2,0,0.75,0.0,1,0.6666666666666666,0.5,0,0
1986,Algeria,Spain,0,3,A,-3,0,0.4,0.36,1,0.5,0.5,0,0
1986,Northern Ireland,Brazil,0,3,A,-3,0,0.25,0.6610169491525424,1,0.16666666666666666,0.6666666666666666,0,0
1986,Denmark,Germany,2,0,H,2,0,1.0,0.5714285714285714,1,0.8333333333333334,0.5,0,0
1986,Scotland,Uruguay,0,0,D,0,0,0.1875,0.4516129032258064,1,0.16666666666666666,0.16666666666666666,0,1
1986,Mexico,Bulgaria,2,0,H,2,1,0.1851851851851851,0.0,1,0.8333333333333334,0.3333333333333333,0,0
1986,Russia,Belgium,3,4,A,-1,0,0.5185185185185185,0.2352941176470588,1,0.8333333333333334,0.5,0,2
1986,Argentina,Uruguay,1,0,H,1,0,0.4864864864864865,0.4375,1,0.8333333333333334,0.3333333333333333,1,0
1986,Brazil,Poland,4,0,H,4,0,0.6666666666666666,0.5416666666666666,2,1.0,0.5,2,1
1986,Italy,France,0,2,A,-2,0,0.5434782608695652,0.4333333333333333,1,0.6666666666666666,0.8333333333333334,0,2
1986,Morocco,Germany,0,1,A,-1,0,0.1666666666666666,0.5614035087719298,1,0.6666666666666666,0.5,1,0
1986,Denmark,Spain,1,5,A,-4,0,1.0,0.3846153846153846,2,1.0,0.6666666666666666,0,0
1986,England,Paraguay,3,0,H,3,0,0.4375,0.3,1,0.5,0.6666666666666666,0,0
1986,Brazil,France,1,1,D,0,0,0.6721311475409836,0.4516129032258064,1,1.0,0.8333333333333334,1,0
1986,Mexico,Germany,0,0,D,0,1,0.2142857142857142,0.5689655172413793,1,0.8333333333333334,0.6666666666666666,1,0
1986,Argentina,England,2,1,H,1,0,0.5,0.4545454545454545,1,0.8333333333333334,0.8333333333333334,1,1
1986,Spain,Belgium,1,1,D,0,0,0.4074074074074074,0.2777777777777778,1,1.0,0.8333333333333334,0,0
1986,Argentina,Belgium,2,0,H,2,0,0.5128205128205128,0.2631578947368421,1,1.0,0.6666666666666666,0,1
1986,France,Germany,0,2,A,-2,0,0.4375,0.559322033898305,1,0.8333333333333334,0.5,1,0
1986,France,Belgium,4,2,H,2,0,0.4242424242424242,0.25,1,0.5,0.5,1,0
1986,Argentina,Germany,3,2,H,1,0,0.525,0.5666666666666667,1,1.0,0.8333333333333334,0,1
1990,Argentina,Cameroon,0,1,A,-1,0,0.5365853658536586,0.0,1,1.0,0.5,0,0
1990,Italy,Austria,1,0,H,1,1,0.5319148936170213,0.4782608695652174,1,0.5,0.16666666666666666,1,1
1990,Russia,Romania,0,2,A,-2,0,0.5,0.25,1,0.5,0.3333333333333333,0,0
1990,United Arab Emirates,Colombia,0,2,A,-2,0,0.5,0.0,1,0.5,0.16666666666666666,0,0
1990,Brazil,Sweden,2,1,H,1,0,0.6612903225806451,0.3928571428571428,1,0.8333333333333334,0.16666666666666666,2,1
1990,Germany,Serbia,4,1,H,3,0,0.5573770491803278,0.3928571428571428,1,0.5,0.5,3,1
1990,United States,Czech Republic,1,5,A,-4,0,0.4285714285714285,0.32,2,0.3333333333333333,0.3333333333333333,0,0
1990,Costa Rica,Scotland,1,0,H,1,0,0.5,0.1764705882352941,1,0.5,0.16666666666666666,0,0
1990,England,Republic of Ireland,1,1,D,0,0,0.4411764705882353,0.5,1,0.6666666666666666,0.5,0,0
1990,Belgium,South Korea,2,0,H,2,0,0.238095238095238,0.0,1,0.16666666666666666,0.16666666666666666,0,0
1990,Netherlands,Egypt,1,1,D,0,0,0.5,0.0,1,0.5,0.3333333333333333,0,0
1990,Argentina,Russia,2,0,H,2,0,0.5238095238095238,0.4827586206896552,1,0.6666666666666666,0.3333333333333333,0,0
1990,Uruguay,Spain,0,0,D,0,0,0.4242424242424242,0.3928571428571428,1,0.16666666666666666,0.8333333333333334,0,0
1990,Cameroon,Romania,2,1,H,1,0,0.25,0.3333333333333333,1,0.6666666666666666,0.6666666666666666,0,0
1990,Italy,United States,1,0,H,1,1,0.5416666666666666,0.375,1,0.6666666666666666,0.3333333333333333,1,0
1990,Serbia,Colombia,1,0,H,1,0,0.3793103448275862,0.25,1,0.3333333333333333,0.5,0,1
1990,Austria,Czech Republic,0,1,A,-1,0,0.4583333333333333,0.3461538461538461,1,0.16666666666666666,0.5,1,0
1990,Germany,United Arab Emirates,5,1,H,4,0,0.5645161290322581,0.0,2,0.6666666666666666,0.3333333333333333,0,0
1990,Brazil,Costa Rica,1,0,H,1,0,0.6666666666666666,1.0,1,0.8333333333333334,0.6666666666666666,0,0
1990,England,Netherlands,0,0,D,0,0,0.4285714285714285,0.4705882352941176,1,0.5,0.5,0,0
1990,Sweden,Scotland,1,2,A,-1,0,0.3793103448275862,0.1666666666666666,1,0.0,0.16666666666666666,0,0
1990,Belgium,Uruguay,3,1,H,2,0,0.2727272727272727,0.4117647058823529,1,0.3333333333333333,0.3333333333333333,0,0
1990,Republic of Ireland,Egypt,0,0,D,0,0,0.0,0.0,1,0.5,0.3333333333333333,0,0
1990,South Korea,Spain,1,3,A,-2,0,0.0,0.3793103448275862,1,0.16666666666666666,0.6666666666666666,0,0
1990,Argentina,Romania,1,1,D,0,0,0.5348837209302325,0.3,1,0.6666666666666666,0.3333333333333333,0,0
1990,Cameroon,Russia,0,4,A,-4,0,0.4,0.4666666666666667,2,0.8333333333333334,0.0,0,0
1990,Austria,United States,2,1,H,1,0,0.44,0.3333333333333333,1,0.16666666666666666,0.0,0,0
1990,Germany,Colombia,1,1,D,0,0,0.5714285714285714,0.2,1,0.6666666666666666,0.3333333333333333,0,0
1990,Italy,Czech Republic,2,0,H,2,1,0.5510204081632653,0.3703703703703703,1,0.6666666666666666,0.8333333333333334,1,0
1990,Serbia,United Arab Emirates,4,1,H,3,0,0.4,0.0,1,0.6666666666666666,0.16666666666666666,0,0
1990,Brazil,Scotland,1,0,H,1,0,0.671875,0.2105263157894736,1,0.8333333333333334,0.5,1,0
1990,Sweden,Costa Rica,1,2,A,-1,0,0.3666666666666666,0.5,1,0.0,0.5,0,0
1990,Belgium,Spain,1,2,A,-1,0,0.3043478260869565,0.4,1,0.6666666666666666,0.6666666666666666,0,0
1990,England,Egypt,1,0,H,1,0,0.4166666666666667,0.0,1,0.3333333333333333,0.3333333333333333,0,0
1990,Republic of Ireland,Netherlands,1,1,D,0,0,0.0,0.4444444444444444,1,0.5,0.3333333333333333,0,0
1990,South Korea,Uruguay,0,1,A,-1,0,0.0,0.4,1,0.0,0.16666666666666666,0,0
1990,Cameroon,Colombia,2,1,H,1,0,0.3333333333333333,0.1666666666666666,1,0.6666666666666666,0.5,0,0
1990,Czech Republic,Costa Rica,4,1,H,3,0,0.3571428571428571,0.6666666666666666,1,0.6666666666666666,0.6666666666666666,0,0
1990,Brazil,Argentina,0,1,A,-1,0,0.676923076923077,0.5227272727272727,1,1.0,0.5,0,2
1990,Germany,Netherlands,2,1,H,1,0,0.5625,0.4210526315789473,1,0.8333333333333334,0.5,1,0
1990,Republic of Ireland,Romania,0,0,D,0,0,0.0,0.2727272727272727,1,0.5,0.5,0,0
1990,Italy,Uruguay,2,0,H,2,1,0.56,0.4166666666666667,1,1.0,0.5,0,0
1990,England,Belgium,1,0,H,1,0,0.4324324324324324,0.2916666666666667,1,0.6666666666666666,0.6666666666666666,0,0
1990,Spain,Serbia,1,2,A,-1,0,0.4193548387096774,0.4193548387096774,1,0.8333333333333334,0.6666666666666666,1,0
1990,Italy,Republic of Ireland,1,0,H,1,1,0.5686274509803921,0.0,1,1.0,0.5,0,0
1990,Serbia,Argentina,0,0,D,0,0,0.4375,0.5333333333333333,1,1.0,0.8333333333333334,0,0
1990,Cameroon,England,2,3,A,-1,0,0.4285714285714285,0.4473684210526316,1,0.6666666666666666,0.8333333333333334,0,0
1990,Germany,Czech Republic,1,0,H,1,0,0.5692307692307692,0.3793103448275862,1,0.8333333333333334,0.6666666666666666,1,0
1990,Italy,Argentina,1,1,D,0,1,0.5769230769230769,0.5217391304347826,1,1.0,0.6666666666666666,1,1
1990,Germany,England,1,1,D,0,0,0.5757575757575758,0.4615384615384615,1,0.8333333333333334,1.0,1,1
1990,Italy,England,2,1,H,1,1,0.5660377358490566,0.45,1,0.8333333333333334,0.8333333333333334,0,0
1990,Germany,Argentina,1,0,H,1,0,0.5671641791044776,0.5106382978723404,1,0.8333333333333334,0.6666666666666666,1,1
1994,Germany,Bolivia,1,0,H,1,0,0.5735294117647058,0.0,1,0.8333333333333334,0.0,0,0
1994,Spain,South Korea,2,2,D,0,0,0.40625,0.0,1,0.6666666666666666,0.0,0,1
1994,Colombia,Romania,1,3,A,-2,0,0.1428571428571428,0.25,1,0.16666666666666666,0.3333333333333333,0,0
1994,Italy,Republic of Ireland,0,1,A,-1,0,0.5740740740740741,0.0,1,0.8333333333333334,0.3333333333333333,1,0
1994,United States,Switzerland,1,1,D,0,0,0.3,0.2777777777777778,1,0.0,0.0,0,0
1994,Belgium,Morocco,1,0,H,1,0,0.28,0.1428571428571428,1,0.3333333333333333,0.5,0,0
1994,Cameroon,Sweden,2,2,D,0,0,0.375,0.3548387096774194,1,0.3333333333333333,0.0,0,0
1994,Norway,Mexico,1,0,H,1,0,0.0,0.2068965517241379,1,0.3333333333333333,0.8333333333333334,0,0
1994,Brazil,Russia,2,0,H,2,0,0.6666666666666666,0.4838709677419355,1,0.6666666666666666,0.3333333333333333,2,0
1994,Netherlands,Saudi Arabia,2,1,H,1,0,0.4,0.5,1,0.3333333333333333,0.5,0,0
1994,Argentina,Greece,4,0,H,4,0,0.5,0.5,2,0.3333333333333333,0.5,0,0
1994,Germany,Spain,1,1,D,0,0,0.5797101449275363,0.3939393939393939,1,0.8333333333333334,0.5,1,1
1994,Nigeria,Bulgaria,3,0,H,3,0,0.5,0.0,1,0.5,0.16666666666666666,0,0
1994,Romania,Switzerland,1,4,A,-3,0,0.3076923076923077,0.2631578947368421,1,0.6666666666666666,0.16666666666666666,0,0
1994,United States,Colombia,2,1,H,1,0,0.2727272727272727,0.125,1,0.16666666666666666,0.16666666666666666,0,0
1994,Italy,Norway,1,0,H,1,0,0.5636363636363636,0.5,1,0.5,0.5,1,0
1994,South Korea,Bolivia,0,0,D,0,0,0.0,0.0,1,0.16666666666666666,0.0,0,0
1994,Brazil,Cameroon,3,0,H,3,0,0.6716417910447762,0.3333333333333333,1,0.6666666666666666,0.5,0,0
1994,Mexico,Republic of Ireland,2,1,H,1,0,0.2,0.1666666666666666,1,0.5,0.5,0,0
1994,Sweden,Russia,3,1,H,2,0,0.34375,0.46875,1,0.16666666666666666,0.3333333333333333,1,0
1994,Argentina,Nigeria,2,1,H,1,0,0.5102040816326531,1.0,1,0.5,0.6666666666666666,0,0
1994,Belgium,Netherlands,1,0,H,1,0,0.3076923076923077,0.4285714285714285,1,0.3333333333333333,0.5,0,0
1994,Saudi Arabia,Morocco,2,1,H,1,0,0.0,0.125,1,0.3333333333333333,0.3333333333333333,0,0
1994,Bulgaria,Greece,4,0,H,4,0,0.0,0.0,2,0.0,0.3333333333333333,0,0
1994,Switzerland,Colombia,0,2,A,-2,0,0.3,0.1111111111111111,1,0.5,0.0,0,0
1994,United States,Romania,0,1,A,-1,0,0.3333333333333333,0.2857142857142857,1,0.5,0.5,0,0
1994,Bolivia,Spain,1,3,A,-2,0,0.0,0.3823529411764705,1,0.16666666666666666,0.3333333333333333,0,0
1994,Germany,South Korea,3,2,H,1,0,0.5714285714285714,0.0,1,0.8333333333333334,0.3333333333333333,0,0
1994,Brazil,Sweden,1,1,D,0,0,0.6764705882352942,0.3636363636363636,1,0.6666666666666666,0.5,3,1
1994,Republic of Ireland,Norway,0,0,D,0,0,0.1428571428571428,0.3333333333333333,1,0.3333333333333333,0.3333333333333333,0,0
1994,Italy,Mexico,1,1,D,0,0,0.5714285714285714,0.2258064516129032,1,0.6666666666666666,0.5,0,1
1994,Russia,Cameroon,6,1,H,5,0,0.4545454545454545,0.3,2,0.3333333333333333,0.16666666666666666,0,1
1994,Belgium,Saudi Arabia,0,1,A,-1,0,0.3333333333333333,0.5,1,0.6666666666666666,0.5,0,0
1994,Morocco,Netherlands,1,2,A,-1,0,0.1111111111111111,0.4090909090909091,1,0.0,0.3333333333333333,0,0
1994,Argentina,Bulgaria,0,2,A,-2,0,0.52,0.0555555555555555,1,0.6666666666666666,0.3333333333333333,2,0
1994,Greece,Nigeria,0,2,A,-2,0,0.0,0.5,1,0.16666666666666666,0.5,0,0
1994,Germany,Belgium,3,2,H,1,0,0.5774647887323944,0.3214285714285714,1,0.8333333333333334,0.6666666666666666,0,1
1994,Spain,Switzerland,3,0,H,3,0,0.4,0.2857142857142857,1,0.6666666666666666,0.5,1,0
1994,Romania,Argentina,3,2,H,1,0,0.3333333333333333,0.5098039215686274,1,0.6666666666666666,0.6666666666666666,0,0
1994,Saudi Arabia,Sweden,1,3,A,-2,0,0.6666666666666666,0.3529411764705882,1,0.6666666666666666,0.6666666666666666,0,0
1994,Netherlands,Republic of Ireland,2,0,H,2,0,0.4347826086956521,0.125,1,0.6666666666666666,0.5,0,0
1994,United States,Brazil,0,1,A,-1,0,0.3076923076923077,0.6666666666666666,1,0.5,0.8333333333333334,0,0
1994,Mexico,Bulgaria,1,1,D,0,0,0.21875,0.1052631578947368,1,0.5,0.6666666666666666,1,0
1994,Nigeria,Italy,1,2,A,-1,0,0.6666666666666666,0.5614035087719298,1,0.6666666666666666,0.5,0,0
1994,Italy,Spain,2,1,H,1,0,0.5689655172413793,0.4166666666666667,1,0.8333333333333334,0.8333333333333334,1,0
1994,Netherlands,Brazil,2,3,A,-1,0,0.4583333333333333,0.6714285714285714,1,0.6666666666666666,0.8333333333333334,1,0
1994,Bulgaria,Germany,2,1,H,1,0,0.1,0.5833333333333334,1,0.8333333333333334,0.8333333333333334,0,1
1994,Romania,Sweden,2,2,D,0,0,0.375,0.3714285714285714,1,0.6666666666666666,0.8333333333333334,0,0
1994,Bulgaria,Italy,1,2,A,-1,0,0.1428571428571428,0.576271186440678,1,0.8333333333333334,0.8333333333333334,0,0
1994,Sweden,Brazil,0,1,A,-1,0,0.3611111111111111,0.676056338028169,1,0.6666666666666666,0.8333333333333334,3,1
1994,Sweden,Bulgaria,4,0,H,4,0,0.3513513513513513,0.1363636363636363,2,0.5,0.5,0,0
1994,Brazil,Italy,0,0,D,0,0,0.6805555555555556,0.5833333333333334,1,1.0,1.0,3,1
1998,Brazil,Scotland,2,1,H,1,0,0.6712328767123288,0.2,1,0.8333333333333334,0.3333333333333333,2,0
1998,Morocco,Norway,2,2,D,0,0,0.1,0.25,1,0.0,0.5,0,0
1998,Cameroon,Austria,1,1,D,0,0,0.2727272727272727,0.4615384615384615,1,0.16666666666666666,0.3333333333333333,0,0
1998,Italy,Chile,2,2,D,0,0,0.5737704918032787,0.3333333333333333,1,0.8333333333333334,0.0,1,1
1998,France,South Africa,3,0,H,3,1,0.4411764705882353,0.5,1,0.5,0.5,0,0
1998,Paraguay,Bulgaria,0,0,D,0,0,0.2727272727272727,0.1304347826086956,1,0.3333333333333333,0.3333333333333333,0,0
1998,Saudi Arabia,Denmark,0,1,A,-1,0,0.5,0.75,1,0.6666666666666666,0.6666666666666666,0,0
1998,South Korea,Mexico,1,3,A,-2,0,0.0,0.2121212121212121,1,0.3333333333333333,0.6666666666666666,0,0
1998,Netherlands,Belgium,0,0,D,0,0,0.44,0.3103448275862069,1,0.6666666666666666,0.3333333333333333,1,0
1998,Spain,Nigeria,2,3,A,-1,0,0.4054054054054054,0.5,1,0.6666666666666666,0.3333333333333333,0,0
1998,Argentina,Japan,1,0,H,1,0,0.5,0.5,1,0.3333333333333333,0.5,0,0
1998,Jamaica,Croatia,1,3,A,-2,0,0.5,0.5,1,0.5,0.5,0,0
1998,Serbia,Iran,1,0,H,1,0,0.4242424242424242,0.0,1,0.8333333333333334,0.16666666666666666,0,0
1998,England,Tunisia,2,0,H,2,0,0.4390243902439024,0.3333333333333333,1,0.5,0.5,0,0
1998,Germany,United States,2,0,H,2,0,0.5753424657534246,0.2857142857142857,1,0.6666666666666666,0.3333333333333333,0,0
1998,Romania,Colombia,1,0,H,1,0,0.3529411764705882,0.2,1,0.8333333333333334,0.3333333333333333,0,1
1998,Brazil,Morocco,3,0,H,3,0,0.6756756756756757,0.0909090909090909,1,0.8333333333333334,0.16666666666666666,0,0
1998,Scotland,Norway,1,1,D,0,0,0.1904761904761904,0.2,1,0.3333333333333333,0.3333333333333333,0,0
1998,Chile,Austria,1,1,D,0,0,0.3181818181818182,0.4444444444444444,1,0.16666666666666666,0.5,0,1
1998,Italy,Cameroon,3,0,H,3,0,0.5645161290322581,0.25,1,0.6666666666666666,0.16666666666666666,0,0
1998,France,Saudi Arabia,4,0,H,4,1,0.4571428571428571,0.4,2,0.6666666666666666,0.3333333333333333,0,0
1998,South Africa,Denmark,1,1,D,0,0,0.0,0.8,1,0.3333333333333333,0.6666666666666666,0,0
1998,Nigeria,Bulgaria,1,0,H,1,0,0.6,0.125,1,0.6666666666666666,0.16666666666666666,1,0
1998,Spain,Paraguay,0,0,D,0,0,0.3947368421052631,0.25,1,0.3333333333333333,0.3333333333333333,0,0
1998,Belgium,Mexico,2,2,D,0,0,0.3,0.2352941176470588,1,0.16666666666666666,0.6666666666666666,2,0
1998,Japan,Croatia,0,1,A,-1,0,0.0,1.0,1,0.3333333333333333,0.6666666666666666,0,0
1998,Netherlands,South Korea,5,0,H,5,0,0.4230769230769231,0.0,2,0.5,0.16666666666666666,0,0
1998,Argentina,Jamaica,5,0,H,5,0,0.5094339622641509,0.0,2,0.3333333333333333,0.3333333333333333,0,0
1998,Germany,Serbia,2,2,D,0,0,0.581081081081081,0.4411764705882353,1,0.6666666666666666,0.8333333333333334,4,1
1998,United States,Iran,1,2,A,-1,0,0.2666666666666666,0.0,1,0.0,0.16666666666666666,0,0
1998,Colombia,Tunisia,1,0,H,1,0,0.1818181818181818,0.25,1,0.3333333333333333,0.16666666666666666,0,0
1998,Romania,England,2,1,H,1,0,0.3888888888888889,0.4523809523809524,1,0.8333333333333334,0.5,1,0
1998,Brazil,Norway,1,2,A,-1,0,0.68,0.1666666666666666,1,0.8333333333333334,0.5,0,0
1998,Chile,Cameroon,1,1,D,0,0,0.3043478260869565,0.2307692307692307,1,0.3333333333333333,0.16666666666666666,0,0
1998,Italy,Austria,2,1,H,1,0,0.5714285714285714,0.4285714285714285,1,0.6666666666666666,0.6666666666666666,2,1
1998,Scotland,Morocco,0,3,A,-3,0,0.1818181818181818,0.0833333333333333,1,0.16666666666666666,0.16666666666666666,0,0
1998,France,Denmark,2,1,H,1,1,0.4722222222222222,0.6666666666666666,1,1.0,0.5,0,0
1998,Nigeria,Paraguay,1,3,A,-2,0,0.6666666666666666,0.2307692307692307,1,0.6666666666666666,0.3333333333333333,0,0
1998,South Africa,Saudi Arabia,2,2,D,0,0,0.0,0.3333333333333333,1,0.3333333333333333,0.0,0,0
1998,Spain,Bulgaria,6,1,H,5,0,0.3846153846153846,0.12,2,0.16666666666666666,0.16666666666666666,0,0
1998,Belgium,South Korea,1,1,D,0,0,0.2903225806451613,0.0,1,0.3333333333333333,0.0,1,0
1998,Germany,Iran,2,0,H,2,0,0.5733333333333334,0.2,1,0.5,0.3333333333333333,0,0
1998,Netherlands,Mexico,2,2,D,0,0,0.4444444444444444,0.2285714285714285,1,0.5,0.6666666666666666,0,0
1998,United States,Serbia,0,1,A,-1,0,0.25,0.4285714285714285,1,0.0,0.6666666666666666,0,0
1998,Argentina,Croatia,1,0,H,1,0,0.5185185185185185,1.0,1,0.6666666666666666,0.8333333333333334,0,0
1998,Colombia,England,0,2,A,-2,0,0.25,0.4418604651162791,1,0.6666666666666666,0.3333333333333333,0,0
1998,Japan,Jamaica,1,2,A,-1,0,0.0,0.0,1,0.16666666666666666,0.16666666666666666,0,0
1998,Romania,Tunisia,1,1,D,0,0,0.4210526315789473,0.2,1,0.8333333333333334,0.16666666666666666,0,0
1998,Brazil,Chile,4,1,H,3,0,0.6710526315789473,0.2916666666666667,1,0.6666666666666666,0.5,0,1
1998,Italy,Norway,1,0,H,1,0,0.578125,0.2857142857142857,1,0.8333333333333334,0.6666666666666666,2,0
1998,France,Paraguay,1,0,H,1,1,0.4864864864864865,0.2857142857142857,1,1.0,0.6666666666666666,1,0
1998,Nigeria,Denmark,1,4,A,-3,0,0.5714285714285714,0.5714285714285714,1,0.6666666666666666,0.5,0,0
1998,Germany,Mexico,2,1,H,1,0,0.5789473684210527,0.2222222222222222,1,0.8333333333333334,0.6666666666666666,1,0
1998,Netherlands,Serbia,2,1,H,1,0,0.4285714285714285,0.4444444444444444,1,0.6666666666666666,0.8333333333333334,0,0
1998,Argentina,England,2,2,D,0,0,0.5272727272727272,0.4545454545454545,1,1.0,0.6666666666666666,2,1
1998,Romania,Croatia,0,1,A,-1,0,0.4,0.6666666666666666,1,0.8333333333333334,0.6666666666666666,0,0
1998,Brazil,Denmark,3,2,H,1,0,0.6753246753246753,0.625,1,0.6666666666666666,0.5,0,0
1998,France,Italy,0,0,D,0,1,0.5,0.5846153846153846,1,1.0,1.0,0,3
1998,Germany,Croatia,0,3,A,-3,0,0.5844155844155844,0.75,1,0.8333333333333334,0.6666666666666666,0,0
1998,Netherlands,Argentina,2,1,H,1,0,0.4482758620689655,0.5178571428571429,1,0.8333333333333334,0.8333333333333334,2,0
1998,Brazil,Netherlands,1,1,D,0,0,0.6794871794871795,0.4666666666666667,1,0.6666666666666666,0.8333333333333334,1,1
1998,France,Croatia,2,1,H,1,1,0.4871794871794871,0.8,1,0.8333333333333334,0.6666666666666666,0,0
1998,Netherlands,Croatia,1,2,A,-1,0,0.4516129032258064,0.6666666666666666,1,0.8333333333333334,0.6666666666666666,0,0
1998,France,Brazil,3,0,H,3,1,0.5,0.6708860759493671,1,0.8333333333333334,0.8333333333333334,1,0
2002,France,Senegal,0,1,A,-1,0,0.5121951219512195,0.5,1,0.8333333333333334,0.5,0,0
2002,Germany,Saudi Arabia,8,0,H,8,0,0.5769230769230769,0.2857142857142857,2,0.6666666666666666,0.16666666666666666,0,0
2002,Republic of Ireland,Cameroon,1,1,D,0,0,0.1111111111111111,0.2142857142857142,1,0.16666666666666666,0.3333333333333333,0,0
2002,Uruguay,Denmark,1,2,A,-1,0,0.4054054054054054,0.5555555555555556,1,0.3333333333333333,0.3333333333333333,1,0
2002,Argentina,Nigeria,1,0,H,1,0,0.5087719298245614,0.5,1,0.5,0.3333333333333333,1,0
2002,England,Sweden,1,1,D,0,0,0.4444444444444444,0.3684210526315789,1,0.5,0.5,0,0
2002,Paraguay,South Africa,2,2,D,0,0,0.2666666666666666,0.0,1,0.5,0.3333333333333333,0,0
2002,Spain,Slovenia,3,1,H,2,0,0.4,0.5,1,0.5,0.5,0,0
2002,Brazil,Turkey,2,1,H,1,0,0.6625,0.3333333333333333,1,0.5,0.3333333333333333,0,0
2002,Croatia,Mexico,0,1,A,-1,0,0.7142857142857143,0.2162162162162162,1,0.6666666666666666,0.3333333333333333,0,0
2002,Italy,Ecuador,2,0,H,2,0,0.5757575757575758,0.5,1,0.8333333333333334,0.5,0,0
2002,China PR,Costa Rica,0,2,A,-2,0,0.5,0.5,1,0.5,0.3333333333333333,0,0
2002,Japan,Belgium,2,2,D,0,1,0.0,0.28125,1,0.0,0.5,0,0
2002,South Korea,Poland,2,0,H,2,0,0.0,0.52,1,0.16666666666666666,0.3333333333333333,0,0
2002,Germany,Republic of Ireland,1,1,D,0,0,0.5822784810126582,0.1,1,0.6666666666666666,0.3333333333333333,0,0
2002,Russia,Tunisia,2,0,H,2,0,0.4705882352941176,0.1666666666666666,1,0.3333333333333333,0.16666666666666666,0,0
2002,United States,Portugal,3,2,H,1,0,0.2352941176470588,0.6666666666666666,1,0.0,0.3333333333333333,0,0
2002,Cameroon,Saudi Arabia,1,0,H,1,0,0.2,0.25,1,0.3333333333333333,0.16666666666666666,0,0
2002,Denmark,Senegal,1,1,D,0,0,0.6,1.0,1,0.6666666666666666,0.6666666666666666,0,0
2002,France,Uruguay,0,0,D,0,0,0.5,0.3947368421052631,1,0.6666666666666666,0.3333333333333333,0,1
2002,Argentina,England,0,1,A,-1,0,0.5172413793103449,0.4347826086956521,1,0.5,0.6666666666666666,2,1
2002,Spain,Paraguay,3,1,H,2,0,0.4146341463414634,0.25,1,0.8333333333333334,0.5,0,0
2002,Sweden,Nigeria,2,1,H,1,0,0.358974358974359,0.4444444444444444,1,0.5,0.0,0,0
2002,Brazil,China PR,4,0,H,4,0,0.6666666666666666,0.0,2,0.5,0.3333333333333333,0,0
2002,Italy,Croatia,1,2,A,-1,0,0.582089552238806,0.625,1,0.8333333333333334,0.3333333333333333,0,0
2002,South Africa,Slovenia,1,0,H,1,0,0.0,0.0,1,0.5,0.3333333333333333,0,0
2002,Costa Rica,Turkey,1,1,D,0,0,0.6,0.25,1,0.6666666666666666,0.3333333333333333,0,0
2002,Japan,Russia,1,0,H,1,1,0.0,0.4857142857142857,1,0.16666666666666666,0.6666666666666666,0,0
2002,Mexico,Ecuador,2,1,H,1,0,0.2368421052631578,0.0,1,0.5,0.3333333333333333,0,0
2002,South Korea,United States,1,1,D,0,0,0.0666666666666666,0.2777777777777778,1,0.5,0.3333333333333333,0,0
2002,Portugal,Poland,4,0,H,4,0,0.6,0.5,2,0.0,0.0,1,0
2002,Tunisia,Belgium,1,1,D,0,0,0.1428571428571428,0.2727272727272727,1,0.16666666666666666,0.5,0,0
2002,Cameroon,Germany,0,2,A,-2,0,0.25,0.575,1,0.6666666666666666,0.5,0,0
2002,Denmark,France,2,0,H,2,0,0.5454545454545454,0.4883720930232558,1,0.5,0.5,1,0
2002,Saudi Arabia,Republic of Ireland,0,3,A,-3,0,0.2222222222222222,0.0909090909090909,1,0.16666666666666666,0.3333333333333333,0,0
2002,Senegal,Uruguay,3,3,D,0,0,0.5,0.3846153846153846,1,0.6666666666666666,0.16666666666666666,0,0
2002,Nigeria,England,0,0,D,0,0,0.4,0.4468085106382978,1,0.0,0.6666666666666666,0,0
2002,Slovenia,Paraguay,1,3,A,-2,0,0.0,0.2352941176470588,1,0.16666666666666666,0.16666666666666666,0,0
2002,South Africa,Spain,2,3,A,-1,0,0.2,0.4285714285714285,1,0.6666666666666666,1.0,0,0
2002,Sweden,Argentina,1,1,D,0,0,0.375,0.5084745762711864,1,0.8333333333333334,0.3333333333333333,0,1
2002,Costa Rica,Brazil,2,5,A,-3,0,0.5,0.6707317073170732,1,0.5,0.6666666666666666,1,0
2002,Ecuador,Croatia,1,0,H,1,0,0.0,0.6666666666666666,1,0.16666666666666666,0.6666666666666666,0,0
2002,Mexico,Italy,1,1,D,0,0,0.2564102564102564,0.5735294117647058,1,0.6666666666666666,0.5,0,1
2002,Turkey,China PR,3,0,H,3,0,0.2,0.0,1,0.16666666666666666,0.16666666666666666,0,0
2002,Belgium,Russia,3,2,H,1,0,0.2647058823529412,0.4722222222222222,1,0.5,0.6666666666666666,0,3
2002,Japan,Tunisia,2,0,H,2,1,0.2,0.125,1,0.5,0.3333333333333333,0,0
2002,South Korea,Portugal,1,0,H,1,0,0.0625,0.6363636363636364,1,0.6666666666666666,0.3333333333333333,0,0
2002,Poland,United States,3,1,H,2,0,0.4814814814814814,0.2631578947368421,1,0.0,0.5,0,0
2002,Denmark,England,0,3,A,-3,0,0.5833333333333334,0.4375,1,0.8333333333333334,0.6666666666666666,0,0
2002,Germany,Paraguay,1,0,H,1,0,0.5802469135802469,0.2777777777777778,1,0.8333333333333334,0.5,0,0
2002,Spain,Republic of Ireland,1,1,D,0,0,0.4418604651162791,0.1666666666666666,1,1.0,0.6666666666666666,0,0
2002,Sweden,Senegal,1,2,A,-1,0,0.3658536585365853,0.3333333333333333,1,0.6666666666666666,0.6666666666666666,0,0
2002,Brazil,Belgium,2,0,H,2,0,0.6746987951807228,0.2857142857142857,1,1.0,0.6666666666666666,0,0
2002,Mexico,United States,0,2,A,-2,0,0.25,0.25,1,0.8333333333333334,0.5,0,0
2002,Japan,Turkey,0,1,A,-1,1,0.3333333333333333,0.3333333333333333,1,0.8333333333333334,0.5,0,0
2002,South Korea,Italy,2,1,H,1,0,0.1176470588235294,0.5652173913043478,1,0.8333333333333334,0.5,0,1
2002,England,Brazil,1,2,A,-1,0,0.4489795918367347,0.6785714285714286,1,0.8333333333333334,1.0,2,0
2002,Germany,United States,1,0,H,1,0,0.5853658536585366,0.2857142857142857,1,0.8333333333333334,0.5,1,0
2002,South Korea,Spain,0,0,D,0,0,0.1666666666666666,0.4318181818181818,1,0.8333333333333334,0.8333333333333334,0,1
2002,Senegal,Turkey,0,1,A,-1,0,0.5,0.4285714285714285,1,0.6666666666666666,0.8333333333333334,0,0
2002,South Korea,Germany,0,1,A,-1,0,0.1578947368421052,0.5903614457831325,1,0.8333333333333334,1.0,1,0
2002,Brazil,Turkey,1,0,H,1,0,0.6823529411764706,0.5,1,1.0,1.0,1,0
2002,South Korea,Turkey,2,3,A,-1,0,0.15,0.4444444444444444,1,0.5,0.6666666666666666,0,1
2002,Germany,Brazil,0,2,A,-2,0,0.5952380952380952,0.686046511627907,1,1.0,1.0,0,0
2006,Germany,Costa Rica,4,2,H,2,1,0.5882352941176471,0.4285714285714285,1,0.6666666666666666,0.5,0,0
2006,Poland,Ecuador,0,2,A,-2,0,0.5,0.3333333333333333,1,0.3333333333333333,0.3333333333333333,0,0
2006,Argentina,Ivory Coast,2,1,H,1,0,0.5,0.5,1,0.5,0.5,0,0
2006,England,Paraguay,1,0,H,1,0,0.44,0.2631578947368421,1,0.5,0.3333333333333333,1,0
2006,Trinidad and Tobago,Sweden,0,0,D,0,0,0.5,0.3571428571428571,1,0.5,0.5,0,0
2006,Angola,Portugal,0,1,A,-1,0,0.5,0.5833333333333334,1,0.5,0.3333333333333333,0,0
2006,Mexico,Iran,3,1,H,2,0,0.2439024390243902,0.1666666666666666,1,0.5,0.3333333333333333,0,0
2006,Serbia,Netherlands,0,1,A,-1,0,0.4324324324324324,0.4375,1,0.5,0.5,1,0
2006,Australia,Japan,3,1,H,2,0,0.0,0.2857142857142857,1,0.16666666666666666,0.6666666666666666,0,0
2006,Italy,Ghana,2,0,H,2,0,0.5571428571428572,0.5,1,0.16666666666666666,0.5,0,0
2006,United States,Czech Republic,0,3,A,-3,0,0.2727272727272727,0.3666666666666666,1,0.3333333333333333,0.3333333333333333,0,1
2006,Brazil,Croatia,1,0,H,1,0,0.6896551724137931,0.6,1,1.0,0.3333333333333333,0,0
2006,France,Switzerland,0,0,D,0,0,0.4772727272727273,0.2727272727272727,1,0.16666666666666666,0.3333333333333333,0,0
2006,South Korea,Togo,2,1,H,1,0,0.1428571428571428,0.5,1,0.16666666666666666,0.5,0,0
2006,Germany,Poland,1,0,H,1,1,0.5930232558139535,0.4827586206896552,1,0.6666666666666666,0.3333333333333333,1,0
2006,Spain,Ukraine,4,0,H,4,0,0.4222222222222222,0.5,2,0.6666666666666666,0.5,0,0
2006,Tunisia,Saudi Arabia,2,2,D,0,0,0.1111111111111111,0.2,1,0.16666666666666666,0.0,0,0
2006,Ecuador,Costa Rica,3,0,H,3,0,0.5,0.375,1,0.6666666666666666,0.16666666666666666,0,0
2006,England,Trinidad and Tobago,2,0,H,2,0,0.4509803921568627,0.0,1,0.6666666666666666,0.5,0,0
2006,Sweden,Paraguay,1,0,H,1,0,0.3488372093023256,0.25,1,0.3333333333333333,0.3333333333333333,0,0
2006,Argentina,Serbia,6,0,H,6,0,0.5081967213114754,0.4210526315789473,2,0.5,0.3333333333333333,0,0
2006,Mexico,Angola,0,0,D,0,0,0.2619047619047619,0.0,1,0.5,0.3333333333333333,0,0
2006,Netherlands,Ivory Coast,2,1,H,1,0,0.4545454545454545,0.0,1,0.5,0.3333333333333333,0,0
2006,Czech Republic,Ghana,0,2,A,-2,0,0.3870967741935484,0.0,1,0.6666666666666666,0.3333333333333333,0,0
2006,Italy,United States,1,1,D,0,0,0.5633802816901409,0.2608695652173913,1,0.5,0.3333333333333333,2,0
2006,Portugal,Iran,2,0,H,2,0,0.6153846153846154,0.1428571428571428,1,0.6666666666666666,0.3333333333333333,0,0
2006,Brazil,Australia,2,0,H,2,0,0.6931818181818182,0.25,1,1.0,0.5,0,0
2006,France,South Korea,1,1,D,0,0,0.4666666666666667,0.1818181818181818,1,0.3333333333333333,0.3333333333333333,0,0
2006,Japan,Croatia,0,0,D,0,0,0.25,0.5454545454545454,1,0.3333333333333333,0.3333333333333333,0,1
2006,Saudi Arabia,Ukraine,0,4,A,-4,0,0.1818181818181818,0.0,2,0.16666666666666666,0.3333333333333333,0,0
2006,Spain,Tunisia,3,1,H,2,0,0.4347826086956521,0.1,1,0.6666666666666666,0.3333333333333333,0,0
2006,Togo,Switzerland,0,2,A,-2,0,0.0,0.2608695652173913,1,0.3333333333333333,0.16666666666666666,0,0
2006,Costa Rica,Poland,1,2,A,-1,0,0.3333333333333333,0.4666666666666667,1,0.0,0.3333333333333333,0,0
2006,Germany,Ecuador,3,0,H,3,1,0.5977011494252874,0.6,1,0.6666666666666666,1.0,0,0
2006,Paraguay,Trinidad and Tobago,2,0,H,2,0,0.238095238095238,0.0,1,0.0,0.3333333333333333,0,0
2006,Sweden,England,2,2,D,0,0,0.3636363636363636,0.4615384615384615,1,0.5,0.6666666666666666,0,0
2006,Iran,Angola,1,1,D,0,0,0.125,0.0,1,0.0,0.3333333333333333,0,0
2006,Ivory Coast,Serbia,3,2,H,1,0,0.0,0.4102564102564102,1,0.16666666666666666,0.0,0,0
2006,Netherlands,Argentina,0,0,D,0,0,0.4705882352941176,0.5161290322580645,1,0.6666666666666666,0.8333333333333334,3,0
2006,Portugal,Mexico,2,1,H,1,0,0.6428571428571429,0.2558139534883721,1,0.6666666666666666,0.5,0,0
2006,Croatia,Australia,2,2,D,0,0,0.5,0.2,1,0.16666666666666666,0.5,0,0
2006,Czech Republic,Italy,0,2,A,-2,0,0.375,0.5555555555555556,1,0.3333333333333333,0.5,2,0
2006,Ghana,United States,2,1,H,1,0,0.5,0.25,1,0.5,0.16666666666666666,0,0
2006,Japan,Brazil,1,4,A,-3,0,0.2222222222222222,0.6966292134831461,1,0.16666666666666666,1.0,0,0
2006,Saudi Arabia,Spain,0,1,A,-1,0,0.1666666666666666,0.4468085106382978,1,0.16666666666666666,0.8333333333333334,0,0
2006,Switzerland,South Korea,2,0,H,2,0,0.2916666666666667,0.1739130434782608,1,0.5,0.5,0,0
2006,Togo,France,0,2,A,-2,0,0.0,0.4565217391304347,1,0.16666666666666666,0.3333333333333333,0,0
2006,Ukraine,Tunisia,1,0,H,1,0,0.5,0.0909090909090909,1,0.5,0.16666666666666666,0,0
2006,Argentina,Mexico,2,1,H,1,0,0.5079365079365079,0.25,1,0.8333333333333334,0.5,1,0
2006,Germany,Sweden,2,0,H,2,1,0.6022727272727273,0.3555555555555555,1,1.0,0.6666666666666666,3,0
2006,England,Ecuador,1,0,H,1,0,0.4528301886792453,0.5,1,0.8333333333333334,0.6666666666666666,0,0
2006,Portugal,Netherlands,1,0,H,1,0,0.6666666666666666,0.4571428571428571,1,1.0,0.8333333333333334,0,0
2006,Italy,Australia,1,0,H,1,0,0.5616438356164384,0.1666666666666666,1,0.8333333333333334,0.5,0,0
2006,Switzerland,Ukraine,0,0,D,0,0,0.32,0.6666666666666666,1,0.8333333333333334,0.6666666666666666,0,0
2006,Brazil,Ghana,3,0,H,3,0,0.7,0.6666666666666666,1,1.0,0.6666666666666666,0,0
2006,Spain,France,1,3,A,-2,0,0.4583333333333333,0.4680851063829787,1,1.0,0.6666666666666666,0,0
2006,Germany,Argentina,1,1,D,0,1,0.6067415730337079,0.515625,1,1.0,0.8333333333333334,2,1
2006,Italy,Ukraine,3,0,H,3,0,0.5675675675675675,0.5,1,0.8333333333333334,0.8333333333333334,0,0
2006,Brazil,France,0,1,A,-1,0,0.7032967032967034,0.4791666666666667,1,1.0,0.8333333333333334,2,0
2006,England,Portugal,0,0,D,0,0,0.4629629629629629,0.6875,1,0.8333333333333334,1.0,2,0
2006,Germany,Italy,0,2,A,-2,1,0.6,0.5733333333333334,1,0.8333333333333334,1.0,1,1
2006,Portugal,France,0,1,A,-1,0,0.6470588235294118,0.4897959183673469,1,0.8333333333333334,1.0,0,0
2006,Germany,Portugal,3,1,H,2,1,0.5934065934065934,0.6111111111111112,1,0.5,0.5,0,0
2006,Italy,France,1,1,D,0,0,0.5789473684210527,0.5,1,1.0,1.0,0,3
2010,South Africa,Mexico,1,1,D,0,1,0.1666666666666666,0.2444444444444444,1,0.5,0.16666666666666666,0,0
2010,Uruguay,France,0,0,D,0,0,0.375,0.4901960784313725,1,0.3333333333333333,0.8333333333333334,0,1
2010,Argentina,Nigeria,1,0,H,1,0,0.5076923076923077,0.3636363636363636,1,0.6666666666666666,0.16666666666666666,2,0
2010,England,United States,1,1,D,0,0,0.4545454545454545,0.24,1,0.6666666666666666,0.16666666666666666,0,1
2010,South Korea,Greece,2,0,H,2,0,0.1666666666666666,0.0,1,0.5,0.0,0,0
2010,Algeria,Slovenia,0,1,A,-1,0,0.3333333333333333,0.0,1,0.16666666666666666,0.0,0,0
2010,Germany,Australia,4,0,H,4,0,0.5978260869565217,0.1428571428571428,2,0.5,0.16666666666666666,1,0
2010,Serbia,Ghana,0,1,A,-1,0,0.4,0.5,1,0.0,0.6666666666666666,0,0
2010,Italy,Paraguay,1,1,D,0,0,0.5714285714285714,0.2727272727272727,1,0.8333333333333334,0.3333333333333333,1,0
2010,Japan,Cameroon,1,0,H,1,0,0.2,0.2352941176470588,1,0.16666666666666666,0.5,0,0
2010,Netherlands,Denmark,2,0,H,2,0,0.4444444444444444,0.5384615384615384,1,0.5,0.5,0,0
2010,Brazil,North Korea,2,1,H,1,0,0.6956521739130435,0.25,1,0.6666666666666666,0.5,0,0
2010,Ivory Coast,Portugal,0,0,D,0,0,0.3333333333333333,0.5789473684210527,1,0.3333333333333333,0.16666666666666666,0,0
2010,New Zealand,Slovakia,1,1,D,0,0,0.0,0.5,1,0.0,0.5,0,0
2010,Honduras,Chile,0,1,A,-1,0,0.0,0.28,1,0.3333333333333333,0.3333333333333333,0,0
2010,South Africa,Uruguay,0,3,A,-3,1,0.1428571428571428,0.3658536585365853,1,0.5,0.5,0,0
2010,Spain,Switzerland,0,1,A,-1,0,0.4489795918367347,0.3076923076923077,1,0.6666666666666666,0.8333333333333334,2,0
2010,Argentina,South Korea,4,1,H,3,0,0.5151515151515151,0.2,1,0.8333333333333334,0.5,1,0
2010,France,Mexico,0,2,A,-2,0,0.4807692307692308,0.2391304347826087,1,0.6666666666666666,0.16666666666666666,2,0
2010,Greece,Nigeria,2,1,H,1,0,0.0,0.3333333333333333,1,0.0,0.16666666666666666,0,1
2010,England,Algeria,0,0,D,0,0,0.4464285714285714,0.2857142857142857,1,0.6666666666666666,0.0,0,0
2010,Germany,Serbia,0,1,A,-1,0,0.6021505376344086,0.3902439024390244,1,0.6666666666666666,0.0,4,1
2010,Slovenia,United States,2,2,D,0,0,0.25,0.2307692307692307,1,0.3333333333333333,0.3333333333333333,0,0
2010,Cameroon,Denmark,1,2,A,-1,0,0.2222222222222222,0.5,1,0.3333333333333333,0.3333333333333333,0,0
2010,Ghana,Australia,1,1,D,0,0,0.6,0.125,1,0.6666666666666666,0.16666666666666666,0,0
2010,Netherlands,Japan,1,0,H,1,0,0.4594594594594595,0.2727272727272727,1,0.5,0.5,0,0
2010,Brazil,Ivory Coast,3,1,H,2,0,0.6989247311827957,0.25,1,0.6666666666666666,0.5,0,0
2010,Italy,New Zealand,1,1,D,0,0,0.5641025641025641,0.0,1,0.6666666666666666,0.16666666666666666,0,0
2010,Slovakia,Paraguay,0,2,A,-2,0,0.0,0.2608695652173913,1,0.5,0.5,0,0
2010,Chile,Switzerland,1,0,H,1,0,0.3076923076923077,0.3333333333333333,1,0.5,0.8333333333333334,1,0
2010,Portugal,North Korea,7,0,H,7,0,0.55,0.2,2,0.16666666666666666,0.3333333333333333,0,1
2010,Spain,Honduras,2,0,H,2,0,0.44,0.0,1,0.3333333333333333,0.16666666666666666,0,0
2010,Greece,Argentina,0,2,A,-2,0,0.2,0.5223880597014925,1,0.3333333333333333,0.8333333333333334,1,0
2010,Mexico,Uruguay,0,1,A,-1,0,0.2553191489361702,0.3809523809523809,1,0.5,0.6666666666666666,0,0
2010,Nigeria,South Korea,2,2,D,0,0,0.3076923076923077,0.1923076923076923,1,0.16666666666666666,0.3333333333333333,0,0
2010,South Africa,France,2,1,H,1,1,0.125,0.4716981132075472,1,0.16666666666666666,0.3333333333333333,1,0
2010,Australia,Serbia,2,1,H,1,0,0.1111111111111111,0.4047619047619047,1,0.16666666666666666,0.3333333333333333,0,0
2010,Ghana,Germany,0,1,A,-1,0,0.5,0.5957446808510638,1,0.5,0.6666666666666666,0,0
2010,Slovenia,England,0,1,A,-1,0,0.2,0.4385964912280701,1,0.5,0.5,0,0
2010,United States,Algeria,1,0,H,1,0,0.2222222222222222,0.25,1,0.3333333333333333,0.16666666666666666,0,0
2010,Cameroon,Netherlands,1,2,A,-1,0,0.2105263157894736,0.4736842105263157,1,0.0,0.6666666666666666,0,0
2010,Denmark,Japan,1,3,A,-2,0,0.5333333333333333,0.25,1,0.3333333333333333,0.3333333333333333,0,0
2010,Paraguay,New Zealand,0,0,D,0,0,0.2916666666666667,0.0,1,0.8333333333333334,0.3333333333333333,0,0
2010,Slovakia,Italy,3,2,H,1,0,0.0,0.5569620253164557,1,0.3333333333333333,0.5,0,0
2010,Chile,Spain,1,2,A,-1,0,0.3333333333333333,0.4509803921568627,1,0.6666666666666666,0.3333333333333333,0,1
2010,North Korea,Ivory Coast,0,3,A,-3,0,0.1666666666666666,0.2,1,0.0,0.5,0,0
2010,Portugal,Brazil,0,0,D,0,0,0.5714285714285714,0.7021276595744681,1,0.5,0.6666666666666666,0,1
2010,Switzerland,Honduras,0,0,D,0,0,0.3214285714285714,0.0,1,0.5,0.0,0,0
2010,Uruguay,South Korea,2,1,H,1,0,0.3953488372093023,0.1851851851851851,1,0.8333333333333334,0.5,0,1
2010,United States,Ghana,1,2,A,-1,0,0.25,0.4285714285714285,1,0.6666666666666666,0.5,1,0
2010,Argentina,Mexico,3,1,H,2,0,0.5294117647058824,0.25,1,1.0,0.5,2,0
2010,Germany,England,4,1,H,3,0,0.6,0.4482758620689655,1,0.6666666666666666,0.6666666666666666,1,1
2010,Brazil,Chile,3,0,H,3,0,0.6947368421052632,0.3214285714285714,1,0.8333333333333334,0.6666666666666666,1,1
2010,Netherlands,Slovakia,2,1,H,1,0,0.4871794871794871,0.3333333333333333,1,1.0,0.5,0,0
2010,Paraguay,Japan,0,0,D,0,0,0.28,0.3076923076923077,1,0.6666666666666666,0.6666666666666666,0,0
2010,Spain,Portugal,1,0,H,1,0,0.4615384615384615,0.5454545454545454,1,0.6666666666666666,0.6666666666666666,0,0
2010,Netherlands,Brazil,2,1,H,1,0,0.5,0.6979166666666666,1,1.0,0.8333333333333334,1,1
2010,Uruguay,Ghana,1,1,D,0,0,0.4090909090909091,0.5,1,1.0,0.5,0,0
2010,Argentina,Germany,0,4,A,-4,0,0.5362318840579711,0.6041666666666666,2,1.0,0.6666666666666666,2,1
2010,Paraguay,Spain,0,1,A,-1,0,0.2692307692307692,0.4716981132075472,1,0.6666666666666666,1.0,1,0
2010,Uruguay,Netherlands,2,3,A,-1,0,0.4,0.5121951219512195,1,0.8333333333333334,1.0,0,1
2010,Germany,Spain,0,1,A,-1,0,0.6082474226804123,0.4814814814814814,1,1.0,1.0,1,1
2010,Uruguay,Germany,2,3,A,-1,0,0.391304347826087,0.6020408163265306,1,0.5,0.6666666666666666,2,0
2010,Netherlands,Spain,0,1,A,-1,0,0.5238095238095238,0.4909090909090909,1,1.0,1.0,0,0
2014,Brazil,Croatia,3,1,H,2,1,0.6907216494845361,0.4615384615384615,1,0.5,0.3333333333333333,1,0
2014,Chile,Australia,3,1,H,2,0,0.3103448275862069,0.2,1,0.3333333333333333,0.5,0,0
2014,Mexico,Cameroon,1,0,H,1,0,0.2448979591836734,0.2,1,0.3333333333333333,0.0,0,0
2014,Spain,Netherlands,1,5,A,-4,0,0.5,0.5116279069767442,2,1.0,0.6666666666666666,0,1
2014,Colombia,Greece,3,0,H,3,0,0.2307692307692307,0.1666666666666666,1,0.3333333333333333,0.3333333333333333,0,0
2014,England,Italy,1,2,A,-1,0,0.4406779661016949,0.55,1,0.5,0.3333333333333333,1,0
2014,Ivory Coast,Japan,2,1,H,1,0,0.3333333333333333,0.2857142857142857,1,0.5,0.5,0,0
2014,Uruguay,Costa Rica,1,3,A,-2,0,0.3829787234042553,0.3,1,0.16666666666666666,0.0,0,0
2014,Argentina,Bosnia and Herzegovina,2,1,H,1,0,0.5285714285714286,0.5,1,0.6666666666666666,0.5,0,0
2014,France,Honduras,3,0,H,3,0,0.4629629629629629,0.0,1,0.16666666666666666,0.16666666666666666,0,0
2014,Switzerland,Ecuador,2,1,H,1,0,0.3103448275862069,0.4285714285714285,1,0.5,0.3333333333333333,0,0
2014,Germany,Portugal,4,0,H,4,0,0.6060606060606061,0.5217391304347826,2,0.6666666666666666,0.5,1,0
2014,Ghana,United States,1,2,A,-1,0,0.4444444444444444,0.2413793103448276,1,0.5,0.5,1,1
2014,Iran,Nigeria,0,0,D,0,0,0.1111111111111111,0.2857142857142857,1,0.16666666666666666,0.16666666666666666,0,0
2014,Belgium,Algeria,2,1,H,1,0,0.2777777777777778,0.2222222222222222,1,0.5,0.16666666666666666,0,0
2014,Brazil,Mexico,0,0,D,0,1,0.6938775510204082,0.26,1,0.6666666666666666,0.3333333333333333,3,0
2014,Russia,South Korea,1,1,D,0,0,0.4594594594594595,0.1785714285714285,1,0.3333333333333333,0.16666666666666666,0,0
2014,Australia,Netherlands,2,3,A,-1,0,0.1818181818181818,0.5227272727272727,1,0.5,0.6666666666666666,0,0
2014,Cameroon,Croatia,0,4,A,-4,0,0.1904761904761904,0.4285714285714285,2,0.0,0.3333333333333333,0,0
2014,Spain,Chile,0,2,A,-2,0,0.4912280701754385,0.3333333333333333,1,0.6666666666666666,0.3333333333333333,0,2
2014,Colombia,Ivory Coast,2,1,H,1,0,0.2857142857142857,0.4285714285714285,1,0.6666666666666666,0.6666666666666666,0,0
2014,Japan,Greece,0,0,D,0,0,0.2666666666666666,0.1428571428571428,1,0.5,0.3333333333333333,0,0
2014,Uruguay,England,2,1,H,1,0,0.375,0.4333333333333333,1,0.0,0.3333333333333333,0,1
2014,Honduras,Ecuador,1,2,A,-1,0,0.0,0.375,1,0.16666666666666666,0.0,0,0
2014,Italy,Costa Rica,0,1,A,-1,0,0.5555555555555556,0.3636363636363636,1,0.5,0.3333333333333333,0,0
2014,Switzerland,France,2,5,A,-3,0,0.3333333333333333,0.4727272727272727,1,0.5,0.3333333333333333,0,0
2014,Argentina,Iran,1,0,H,1,0,0.5352112676056338,0.1,1,0.6666666666666666,0.3333333333333333,0,0
2014,Germany,Ghana,2,2,D,0,0,0.61,0.4,1,0.6666666666666666,0.5,0,1
2014,Nigeria,Bosnia and Herzegovina,1,0,H,1,0,0.2666666666666666,0.0,1,0.3333333333333333,0.3333333333333333,0,0
2014,Belgium,Russia,1,0,H,1,0,0.2972972972972973,0.4473684210526316,1,0.6666666666666666,0.16666666666666666,1,3
2014,South Korea,Algeria,2,4,A,-2,0,0.1724137931034483,0.2,1,0.3333333333333333,0.16666666666666666,0,0
2014,United States,Portugal,2,2,D,0,0,0.2666666666666666,0.5,1,0.6666666666666666,0.16666666666666666,1,0
2014,Australia,Spain,0,3,A,-3,0,0.1666666666666666,0.4827586206896552,1,0.3333333333333333,0.3333333333333333,0,0
2014,Brazil,Cameroon,4,1,H,3,1,0.6868686868686869,0.1818181818181818,1,0.5,0.0,1,0
2014,Croatia,Mexico,1,3,A,-2,0,0.4666666666666667,0.2549019607843137,1,0.5,0.5,0,1
2014,Netherlands,Chile,2,0,H,2,0,0.5333333333333333,0.3548387096774194,1,0.6666666666666666,0.6666666666666666,0,0
2014,Costa Rica,England,0,0,D,0,0,0.4166666666666667,0.4262295081967213,1,0.6666666666666666,0.0,0,0
2014,Greece,Ivory Coast,2,1,H,1,0,0.125,0.375,1,0.16666666666666666,0.6666666666666666,0,0
2014,Italy,Uruguay,0,1,A,-1,0,0.5487804878048781,0.3877551020408163,1,0.3333333333333333,0.3333333333333333,1,0
2014,Japan,Colombia,1,4,A,-3,0,0.25,0.3333333333333333,1,0.3333333333333333,0.6666666666666666,0,0
2014,Bosnia and Herzegovina,Iran,3,1,H,2,0,0.0,0.0909090909090909,1,0.16666666666666666,0.3333333333333333,0,0
2014,Ecuador,France,0,0,D,0,0,0.4444444444444444,0.4821428571428571,1,0.3333333333333333,0.6666666666666666,0,0
2014,Honduras,Switzerland,0,3,A,-3,0,0.0,0.3225806451612903,1,0.16666666666666666,0.5,0,0
2014,Nigeria,Argentina,2,3,A,-1,0,0.3125,0.5416666666666666,1,0.6666666666666666,0.6666666666666666,3,0
2014,Algeria,Russia,1,1,D,0,0,0.2727272727272727,0.4358974358974359,1,0.3333333333333333,0.16666666666666666,0,0
2014,South Korea,Belgium,0,1,A,-1,0,0.1666666666666666,0.3157894736842105,1,0.16666666666666666,0.6666666666666666,1,0
2014,Portugal,Ghana,2,1,H,1,0,0.48,0.3636363636363636,1,0.16666666666666666,0.3333333333333333,0,0
2014,United States,Germany,0,1,A,-1,0,0.2580645161290322,0.6039603960396039,1,0.5,0.8333333333333334,2,0
2014,Brazil,Chile,1,1,D,0,1,0.69,0.34375,1,0.8333333333333334,0.6666666666666666,2,1
2014,Colombia,Uruguay,2,0,H,2,0,0.375,0.4,1,1.0,0.6666666666666666,0,1
2014,Costa Rica,Greece,1,1,D,0,0,0.3846153846153846,0.2222222222222222,1,0.8333333333333334,0.5,0,0
2014,Netherlands,Mexico,2,1,H,1,0,0.5434782608695652,0.2692307692307692,1,1.0,0.8333333333333334,0,0
2014,France,Nigeria,2,0,H,2,0,0.4736842105263157,0.2941176470588235,1,0.8333333333333334,0.5,0,0
2014,Germany,Algeria,2,1,H,1,0,0.6078431372549019,0.25,1,0.8333333333333334,0.5,0,1
2014,Argentina,Switzerland,1,0,H,1,0,0.547945205479452,0.34375,1,1.0,0.6666666666666666,1,0
2014,Belgium,United States,2,1,H,1,0,0.3333333333333333,0.25,1,1.0,0.5,0,1
2014,Brazil,Colombia,2,1,H,1,1,0.6831683168316832,0.4117647058823529,1,0.6666666666666666,1.0,0,0
2014,France,Germany,0,1,A,-1,0,0.4827586206896552,0.6116504854368932,1,0.8333333333333334,0.8333333333333334,1,1
2014,Argentina,Belgium,1,0,H,1,0,0.5540540540540541,0.35,1,1.0,1.0,1,1
2014,Netherlands,Costa Rica,0,0,D,0,0,0.5531914893617021,0.3571428571428571,1,1.0,0.6666666666666666,0,0
2014,Brazil,Germany,1,7,A,-6,1,0.6862745098039216,0.6153846153846154,2,0.8333333333333334,1.0,0,1
2014,Netherlands,Argentina,0,0,D,0,0,0.5416666666666666,0.56,1,0.8333333333333334,1.0,3,0
2014,Brazil,Netherlands,0,3,A,-3,1,0.6796116504854369,0.5306122448979592,1,0.5,0.6666666666666666,2,1
2014,Germany,Argentina,1,0,H,1,0,0.6190476190476191,0.5526315789473685,1,1.0,0.8333333333333334,2,2
2018,Russia,Saudi Arabia,5,0,H,5,1,0.425,0.1538461538461538,2,0.3333333333333333,0.16666666666666666,0,0
2018,Egypt,Uruguay,0,1,A,-1,0,0.0,0.392156862745098,1,0.3333333333333333,0.6666666666666666,0,0
2018,Morocco,Iran,0,1,A,-1,0,0.1538461538461538,0.0833333333333333,1,0.5,0.16666666666666666,0,0
2018,Portugal,Spain,3,3,D,0,0,0.5,0.4915254237288136,1,0.5,0.3333333333333333,1,0
2018,France,Australia,2,1,H,1,0,0.4745762711864407,0.1538461538461538,1,0.5,0.0,0,0
2018,Argentina,Iceland,1,1,D,0,0,0.5454545454545454,0.5,1,0.5,0.5,0,0
2018,Peru,Denmark,0,1,A,-1,0,0.2666666666666666,0.5,1,0.3333333333333333,0.3333333333333333,0,0
2018,Croatia,Nigeria,2,0,H,2,0,0.4375,0.2777777777777778,1,0.3333333333333333,0.3333333333333333,0,0
2018,Costa Rica,Serbia,0,1,A,-1,0,0.3333333333333333,0.3953488372093023,1,0.5,0.3333333333333333,0,0
2018,Germany,Mexico,0,1,A,-1,0,0.6226415094339622,0.2641509433962264,1,1.0,0.5,2,0
2018,Brazil,Switzerland,1,1,D,0,0,0.6730769230769231,0.3333333333333333,1,0.3333333333333333,0.3333333333333333,0,0
2018,Sweden,South Korea,1,0,H,1,0,0.3478260869565217,0.1612903225806451,1,0.5,0.16666666666666666,0,0
2018,Belgium,Panama,3,0,H,3,0,0.3414634146341463,0.5,1,0.6666666666666666,0.5,0,0
2018,Tunisia,England,1,2,A,-1,0,0.0833333333333333,0.4193548387096774,1,0.16666666666666666,0.16666666666666666,1,0
2018,Colombia,Japan,1,2,A,-1,0,0.3888888888888889,0.2352941176470588,1,0.6666666666666666,0.16666666666666666,0,1
2018,Poland,Senegal,1,2,A,-1,0,0.4838709677419355,0.4,1,0.3333333333333333,0.5,0,0
2018,Russia,Egypt,3,1,H,2,1,0.4390243902439024,0.0,1,0.5,0.16666666666666666,0,0
2018,Portugal,Morocco,1,0,H,1,0,0.4814814814814814,0.1428571428571428,1,0.6666666666666666,0.3333333333333333,0,1
2018,Uruguay,Saudi Arabia,1,0,H,1,0,0.4038461538461538,0.1428571428571428,1,0.6666666666666666,0.0,0,0
2018,Iran,Spain,0,1,A,-1,0,0.1538461538461538,0.4833333333333333,1,0.3333333333333333,0.5,0,0
2018,Denmark,Australia,1,1,D,0,0,0.5294117647058824,0.1428571428571428,1,0.6666666666666666,0.0,0,0
2018,France,Peru,1,0,H,1,0,0.4833333333333333,0.25,1,0.6666666666666666,0.16666666666666666,0,0
2018,Argentina,Croatia,0,3,A,-3,0,0.5384615384615384,0.4705882352941176,1,0.3333333333333333,0.6666666666666666,1,0
2018,Brazil,Costa Rica,2,0,H,2,0,0.6666666666666666,0.3125,1,0.16666666666666666,0.3333333333333333,1,1
2018,Nigeria,Iceland,2,0,H,2,0,0.2631578947368421,0.0,1,0.0,0.5,0,0
2018,Serbia,Switzerland,1,2,A,-1,0,0.4090909090909091,0.3235294117647059,1,0.6666666666666666,0.5,0,1
2018,Belgium,Tunisia,5,2,H,3,0,0.3571428571428571,0.0769230769230769,1,0.6666666666666666,0.0,0,0
2018,South Korea,Mexico,1,2,A,-1,0,0.15625,0.2777777777777778,1,0.0,0.6666666666666666,0,1
2018,Germany,Sweden,2,1,H,1,0,0.616822429906542,0.3617021276595745,1,0.6666666666666666,0.5,4,0
2018,England,Panama,6,1,H,5,0,0.4285714285714285,0.0,2,0.5,0.3333333333333333,0,0
2018,Japan,Senegal,2,2,D,0,0,0.2777777777777778,0.5,1,0.5,0.6666666666666666,0,0
2018,Poland,Colombia,0,3,A,-3,0,0.46875,0.3684210526315789,1,0.3333333333333333,0.3333333333333333,0,0
2018,Russia,Uruguay,0,3,A,-3,1,0.4523809523809524,0.4150943396226415,1,0.8333333333333334,0.6666666666666666,1,1
2018,Saudi Arabia,Egypt,2,1,H,1,0,0.1333333333333333,0.0,1,0.0,0.0,0,0
2018,Spain,Morocco,2,2,D,0,0,0.4918032786885246,0.1333333333333333,1,0.8333333333333334,0.3333333333333333,0,0
2018,Iran,Portugal,1,1,D,0,0,0.1428571428571428,0.5,1,0.3333333333333333,0.8333333333333334,1,0
2018,Australia,Peru,0,2,A,-2,0,0.1333333333333333,0.2352941176470588,1,0.16666666666666666,0.0,0,0
2018,Denmark,France,0,0,D,0,0,0.5,0.4918032786885246,1,0.5,0.6666666666666666,2,0
2018,Nigeria,Argentina,1,2,A,-1,0,0.3,0.5316455696202531,1,0.3333333333333333,0.16666666666666666,3,1
2018,Iceland,Croatia,1,2,A,-1,0,0.0,0.5,1,0.3333333333333333,0.6666666666666666,0,0
2018,South Korea,Germany,2,0,H,2,0,0.1515151515151515,0.6203703703703703,1,0.0,0.6666666666666666,1,1
2018,Mexico,Sweden,0,3,A,-3,0,0.2909090909090909,0.3541666666666667,1,0.6666666666666666,0.3333333333333333,1,0
2018,Serbia,Brazil,0,2,A,-2,0,0.4,0.6698113207547169,1,0.3333333333333333,0.5,1,1
2018,Switzerland,Costa Rica,2,2,D,0,0,0.3428571428571428,0.2941176470588235,1,0.5,0.16666666666666666,0,0
2018,Japan,Poland,0,1,A,-1,0,0.2631578947368421,0.4545454545454545,1,0.5,0.3333333333333333,0,0
2018,Senegal,Colombia,0,1,A,-1,0,0.4285714285714285,0.4,1,0.5,0.3333333333333333,0,0
2018,Panama,Tunisia,1,2,A,-1,0,0.0,0.0714285714285714,1,0.16666666666666666,0.0,0,0
2018,England,Belgium,0,1,A,-1,0,0.4375,0.3720930232558139,1,0.8333333333333334,0.6666666666666666,1,0
2018,France,Argentina,4,3,H,1,0,0.4838709677419355,0.5375,1,0.8333333333333334,0.5,2,0
2018,Uruguay,Portugal,2,1,H,1,0,0.4259259259259259,0.4827586206896552,1,1.0,0.6666666666666666,0,0
2018,Russia,Spain,1,1,D,0,1,0.4418604651162791,0.4838709677419355,1,0.6666666666666666,0.6666666666666666,0,0
2018,Croatia,Denmark,1,1,D,0,0,0.5263157894736842,0.4736842105263157,1,1.0,0.6666666666666666,0,0
2018,Brazil,Mexico,2,0,H,2,0,0.6728971962616822,0.2857142857142857,1,0.8333333333333334,0.6666666666666666,3,0
2018,Belgium,Japan,3,2,H,1,0,0.3863636363636363,0.25,1,1.0,0.5,0,0
2018,Sweden,Switzerland,1,0,H,1,0,0.3673469387755102,0.3333333333333333,1,0.6666666666666666,0.6666666666666666,0,0
2018,Colombia,England,1,1,D,0,0,0.4285714285714285,0.4307692307692308,1,0.6666666666666666,0.6666666666666666,0,1
2018,Uruguay,France,0,2,A,-2,0,0.4363636363636363,0.492063492063492,1,1.0,0.8333333333333334,0,1
2018,Brazil,Belgium,1,2,A,-1,0,0.6759259259259259,0.4,1,1.0,1.0,1,0
2018,Sweden,England,0,2,A,-2,0,0.38,0.4242424242424242,1,0.6666666666666666,0.5,0,0
2018,Russia,Croatia,2,2,D,0,1,0.4318181818181818,0.5,1,0.5,0.8333333333333334,0,0
2018,France,Belgium,1,0,H,1,0,0.5,0.4130434782608695,1,0.8333333333333334,1.0,2,0
2018,Croatia,England,2,1,H,1,0,0.4761904761904761,0.4328358208955223,1,0.6666666666666666,0.5,0,0
2018,Belgium,England,2,0,H,2,0,0.4042553191489361,0.4264705882352941,1,0.6666666666666666,0.5,1,1
2018,France,Croatia,4,2,H,2,0,0.5076923076923077,0.5,1,1.0,0.6666666666666666,1,0
2022,Qatar,Ecuador,0,2,A,-2,1,0.5,0.4,1,0.5,0.5,0,0
2022,Senegal,Netherlands,0,2,A,-2,0,0.375,0.54,1,0.5,0.6666666666666666,0,0
2022,England,Iran,6,2,H,4,0,0.4202898550724637,0.1333333333333333,2,0.3333333333333333,0.5,0,0
2022,United States,Wales,1,1,D,0,0,0.2424242424242424,0.2,1,0.16666666666666666,0.5,0,0
2022,Argentina,Saudi Arabia,1,2,A,-1,0,0.5308641975308642,0.1875,1,0.3333333333333333,0.3333333333333333,0,0
2022,Mexico,Poland,0,0,D,0,0,0.2807017543859649,0.4705882352941176,1,0.3333333333333333,0.3333333333333333,0,1
2022,Denmark,Tunisia,0,0,D,0,0,0.45,0.1333333333333333,1,0.5,0.3333333333333333,0,0
2022,France,Australia,4,1,H,3,0,0.5151515151515151,0.125,1,1.0,0.16666666666666666,1,0
2022,Germany,Japan,1,2,A,-1,0,0.6146788990825688,0.238095238095238,1,0.3333333333333333,0.16666666666666666,0,0
2022,Spain,Costa Rica,7,0,H,7,0,0.4761904761904761,0.2777777777777778,2,0.6666666666666666,0.16666666666666666,0,0
2022,Morocco,Croatia,0,0,D,0,0,0.125,0.4782608695652174,1,0.16666666666666666,0.5,0,0
2022,Belgium,Canada,1,0,H,1,0,0.4166666666666667,0.0,1,0.6666666666666666,0.0,0,0
2022,Switzerland,Cameroon,1,0,H,1,0,0.3243243243243243,0.1739130434782608,1,0.5,0.0,0,0
2022,Brazil,Serbia,2,0,H,2,0,0.6697247706422018,0.391304347826087,1,0.6666666666666666,0.3333333333333333,1,2
2022,Uruguay,South Korea,0,0,D,0,0,0.4285714285714285,0.1764705882352941,1,0.6666666666666666,0.3333333333333333,1,1
2022,Portugal,Ghana,3,2,H,1,0,0.4666666666666667,0.3333333333333333,1,0.5,0.16666666666666666,1,0
2022,Qatar,Senegal,1,3,A,-2,1,0.0,0.3333333333333333,1,0.3333333333333333,0.16666666666666666,0,0
2022,Netherlands,Ecuador,1,1,D,0,0,0.5490196078431373,0.4545454545454545,1,0.8333333333333334,0.8333333333333334,0,0
2022,Wales,Iran,0,2,A,-2,0,0.1666666666666666,0.125,1,0.5,0.16666666666666666,0,0
2022,England,United States,0,0,D,0,0,0.4285714285714285,0.2352941176470588,1,0.3333333333333333,0.16666666666666666,0,1
2022,Poland,Saudi Arabia,2,0,H,2,0,0.4571428571428571,0.2352941176470588,1,0.5,0.6666666666666666,0,0
2022,Argentina,Mexico,2,0,H,2,0,0.524390243902439,0.2758620689655172,1,0.3333333333333333,0.16666666666666666,3,0
2022,Tunisia,Australia,0,1,A,-1,0,0.125,0.1176470588235294,1,0.5,0.16666666666666666,0,0
2022,France,Denmark,2,1,H,1,0,0.5223880597014925,0.4285714285714285,1,1.0,0.5,2,0
2022,Japan,Costa Rica,0,1,A,-1,0,0.2727272727272727,0.2631578947368421,1,0.3333333333333333,0.16666666666666666,0,0
2022,Spain,Germany,1,1,D,0,0,0.484375,0.6090909090909091,1,0.6666666666666666,0.3333333333333333,1,2
2022,Belgium,Morocco,0,2,A,-2,0,0.4285714285714285,0.1176470588235294,1,0.6666666666666666,0.3333333333333333,1,0
2022,Croatia,Canada,4,1,H,3,0,0.4583333333333333,0.0,1,0.5,0.0,0,0
2022,Cameroon,Serbia,3,3,D,0,0,0.1666666666666666,0.3829787234042553,1,0.0,0.0,0,0
2022,Brazil,Switzerland,1,0,H,1,0,0.6727272727272727,0.3421052631578947,1,0.6666666666666666,0.5,0,0
2022,South Korea,Ghana,2,3,A,-1,0,0.1714285714285714,0.3076923076923077,1,0.5,0.16666666666666666,0,0
2022,Portugal,Uruguay,2,0,H,2,0,0.4838709677419355,0.4210526315789473,1,0.5,0.5,1,0
2022,Ecuador,Senegal,1,2,A,-1,0,0.4166666666666667,0.4,1,0.6666666666666666,0.3333333333333333,0,0
2022,Qatar,Netherlands,0,2,A,-2,1,0.0,0.5384615384615384,1,0.16666666666666666,0.8333333333333334,0,0
2022,Wales,England,0,3,A,-3,0,0.1428571428571428,0.4225352112676056,1,0.16666666666666666,0.5,0,0
2022,Iran,United States,0,1,A,-1,0,0.1764705882352941,0.2285714285714285,1,0.5,0.3333333333333333,0,1
2022,Poland,Argentina,0,2,A,-2,0,0.4722222222222222,0.5301204819277109,1,0.8333333333333334,0.3333333333333333,2,0
2022,Saudi Arabia,Mexico,1,2,A,-1,0,0.2222222222222222,0.2711864406779661,1,0.6666666666666666,0.16666666666666666,0,0
2022,Australia,Denmark,1,0,H,1,0,0.1666666666666666,0.4090909090909091,1,0.3333333333333333,0.3333333333333333,0,0
2022,Tunisia,France,1,0,H,1,0,0.1176470588235294,0.5294117647058824,1,0.5,1.0,0,0
2022,Japan,Spain,2,1,H,1,0,0.2608695652173913,0.4769230769230769,1,0.3333333333333333,0.6666666666666666,0,0
2022,Costa Rica,Germany,2,4,A,-2,0,0.3,0.6036036036036037,1,0.5,0.16666666666666666,1,0
2022,Croatia,Belgium,0,0,D,0,0,0.48,0.42,1,0.5,0.6666666666666666,0,0
2022,Canada,Morocco,1,2,A,-1,0,0.0,0.1666666666666666,1,0.0,0.6666666666666666,0,0
2022,Serbia,Switzerland,2,3,A,-1,0,0.375,0.3333333333333333,1,0.16666666666666666,0.3333333333333333,0,2
2022,Cameroon,Brazil,1,0,H,1,0,0.16,0.6756756756756757,1,0.16666666666666666,0.6666666666666666,2,0
2022,Ghana,Uruguay,0,2,A,-2,0,0.3571428571428571,0.4137931034482758,1,0.3333333333333333,0.16666666666666666,0,0
2022,South Korea,Portugal,2,1,H,1,0,0.1666666666666666,0.5,1,0.5,0.6666666666666666,1,0
2022,Netherlands,United States,3,1,H,2,0,0.5471698113207547,0.25,1,0.8333333333333334,0.6666666666666666,0,0
2022,Argentina,Australia,2,1,H,1,0,0.5357142857142857,0.2105263157894736,1,0.6666666666666666,0.6666666666666666,0,0
2022,France,Poland,3,1,H,2,0,0.5217391304347826,0.4594594594594595,1,0.6666666666666666,0.5,1,0
2022,England,Senegal,3,0,H,3,0,0.4305555555555556,0.4545454545454545,1,0.8333333333333334,0.6666666666666666,0,0
2022,Japan,Croatia,1,1,D,0,0,0.2916666666666667,0.4615384615384615,1,0.6666666666666666,0.6666666666666666,0,1
2022,Brazil,South Korea,4,1,H,3,0,0.6696428571428571,0.1891891891891892,1,0.6666666666666666,0.5,0,0
2022,Morocco,Spain,0,0,D,0,0,0.2105263157894736,0.4696969696969697,1,0.8333333333333334,0.5,0,0
2022,Portugal,Switzerland,6,1,H,5,0,0.4848484848484848,0.35,2,0.6666666666666666,0.6666666666666666,0,0
2022,Croatia,Brazil,1,1,D,0,0,0.4444444444444444,0.672566371681416,1,0.6666666666666666,0.6666666666666666,2,0
2022,Netherlands,Argentina,2,2,D,0,0,0.5555555555555556,0.5411764705882353,1,0.8333333333333334,1.0,3,0
2022,Morocco,Portugal,1,0,H,1,0,0.2,0.5,1,0.8333333333333334,0.6666666666666666,1,1
2022,England,France,1,2,A,-1,0,0.4383561643835616,0.5285714285714286,1,0.8333333333333334,0.6666666666666666,2,0
2022,Argentina,Croatia,3,0,H,3,0,0.5348837209302325,0.4285714285714285,1,0.8333333333333334,0.5,1,1
2022,France,Morocco,2,0,H,2,0,0.5352112676056338,0.238095238095238,1,0.6666666666666666,0.8333333333333334,0,0
2022,Croatia,Morocco,2,1,H,1,0,0.4137931034482758,0.2272727272727272,1,0.3333333333333333,0.5,0,0
2022,Argentina,France,3,3,D,0,0,0.5402298850574713,0.5416666666666666,1,0.8333333333333334,1.0,3,0
